UsuarioID,PlanID,FechaInicio,FechaFin
U00001,P02,2024-05-08,2024-12-17
U00002,P01,2024-06-03,2024-10-14
U00003,P02,2024-07-16,2025-03-12
U00003,P03,2025-03-13,2025-10-02
U00004,P01,2024-05-20,2024-11-16
U00004,P02,2024-11-17,2025-06-20
U00004,P01,2025-06-21,2025-12-03
U00005,P02,2024-01-27,2024-08-05
U00005,P02,2024-08-06,2024-12-10
U00006,P03,2024-12-26,2025-02-24
U00007,P02,2025-06-03,2025-12-05
U00007,P01,2025-12-06,2026-01-30
U00008,P02,2025-10-22,2026-01-30
U00009,P01,2024-05-18,2025-01-06
U00010,P01,2025-02-19,2025-08-06
U00010,P01,2025-08-07,2025-12-05
U00010,P01,2025-12-06,2026-01-30
U00011,P02,2023-12-19,2024-08-02
U00012,P01,2024-09-18,2025-03-09
U00012,P03,2025-03-10,2025-05-17
U00013,P03,2023-07-16,2023-11-10
U00014,P01,2023-05-16,2023-08-08
U00014,P01,2023-08-09,2023-11-03
U00015,P02,2023-10-04,2024-01-27
U00016,P02,2025-01-20,2025-05-07
U00017,P02,2024-09-17,2025-01-16
U00018,P02,2025-04-19,2025-07-05
U00019,P01,2023-02-26,2023-09-22
U00020,P01,2024-05-23,2024-08-18
U00020,P02,2024-08-19,2025-01-20
U00021,P02,2024-12-28,2025-03-31
U00021,P01,2025-04-01,2025-10-20
U00021,P02,2025-10-21,2026-01-30
U00022,P01,2025-08-21,2026-01-30
U00023,P01,2024-10-30,2025-03-02
U00024,P02,2024-12-05,2025-02-11
U00025,P01,2025-05-03,2025-07-27
U00025,P02,2025-07-28,2026-01-30
U00026,P02,2025-03-08,2025-05-09
U00026,P02,2025-05-10,2025-12-18
U00026,P01,2025-12-19,2026-01-30
U00027,P01,2023-12-07,2024-04-08
U00028,P01,2023-05-25,2023-08-30
U00029,P01,2023-09-18,2024-05-04
U00030,P01,2025-01-24,2025-07-27
U00030,P02,2025-07-28,2026-01-02
U00031,P01,2023-06-15,2023-12-03
U00032,P02,2025-02-09,2025-10-05
U00033,P01,2025-04-28,2025-10-31
U00034,P02,2025-07-31,2025-11-25
U00034,P01,2025-11-26,2026-01-30
U00035,P02,2025-05-15,2025-11-02
U00035,P01,2025-11-03,2026-01-30
U00036,P01,2025-11-14,2026-01-30
U00037,P02,2025-08-11,2026-01-30
U00038,P02,2024-11-12,2025-06-21
U00038,P01,2025-06-22,2025-12-21
U00039,P03,2024-11-19,2025-05-16
U00039,P02,2025-05-17,2026-01-08
U00039,P01,2026-01-09,2026-01-30
U00040,P02,2024-01-05,2024-08-23
U00041,P01,2023-02-02,2023-04-12
U00042,P02,2024-10-28,2025-02-08
U00043,P01,2025-05-26,2025-10-23
U00044,P02,2024-04-20,2024-09-20
U00044,P01,2024-09-21,2025-01-15
U00045,P02,2023-12-29,2024-03-09
U00046,P01,2024-03-20,2024-07-27
U00047,P01,2023-12-20,2024-07-27
U00047,P01,2024-07-28,2024-09-26
U00047,P02,2024-09-27,2024-12-30
U00048,P02,2023-06-11,2024-01-20
U00049,P02,2023-08-24,2023-12-27
U00049,P01,2023-12-28,2024-02-26
U00050,P02,2025-01-09,2025-04-23
U00050,P02,2025-04-24,2025-08-07
U00050,P01,2025-08-08,2025-12-30
U00051,P02,2023-09-03,2023-12-14
U00052,P02,2024-11-30,2025-02-05
U00053,P01,2025-10-20,2026-01-30
U00054,P01,2025-11-23,2026-01-30
U00055,P02,2023-09-28,2023-12-12
U00056,P01,2024-10-08,2025-02-23
U00057,P01,2024-10-18,2025-03-02
U00058,P02,2025-02-22,2025-10-12
U00058,P01,2025-10-13,2026-01-30
U00059,P02,2024-04-10,2024-11-23
U00060,P03,2023-05-29,2023-12-26
U00061,P02,2024-10-05,2025-02-10
U00062,P02,2024-05-18,2024-10-27
U00063,P01,2025-02-06,2025-09-03
U00063,P02,2025-09-04,2026-01-30
U00064,P01,2023-05-30,2023-08-11
U00065,P01,2025-09-01,2026-01-11
U00065,P01,2026-01-12,2026-01-30
U00066,P02,2024-08-15,2024-10-21
U00066,P02,2024-10-22,2025-04-28
U00067,P02,2024-08-25,2024-11-04
U00068,P02,2024-06-24,2024-11-05
U00069,P01,2024-01-12,2024-08-31
U00070,P01,2023-05-25,2023-11-23
U00071,P02,2023-08-23,2024-02-28
U00072,P03,2023-05-13,2023-10-09
U00072,P01,2023-10-10,2024-01-30
U00073,P02,2023-10-10,2024-02-01
U00074,P02,2024-10-30,2025-05-26
U00075,P01,2024-09-22,2025-04-27
U00076,P01,2024-12-27,2025-06-19
U00077,P01,2025-01-10,2025-03-31
U00078,P01,2025-04-11,2025-10-09
U00078,P03,2025-10-10,2026-01-30
U00079,P01,2025-02-09,2025-06-10
U00080,P03,2025-10-04,2026-01-30
U00081,P01,2025-05-08,2025-07-29
U00081,P01,2025-07-30,2026-01-30
U00082,P02,2025-10-20,2025-12-25
U00083,P02,2023-07-27,2024-02-03
U00084,P01,2024-07-31,2025-01-15
U00084,P02,2025-01-16,2025-09-06
U00085,P03,2023-02-01,2023-09-06
U00085,P02,2023-09-07,2024-03-13
U00086,P02,2023-11-17,2024-02-17
U00087,P02,2024-05-13,2024-11-08
U00087,P02,2024-11-09,2025-06-23
U00087,P01,2025-06-24,2025-12-20
U00088,P02,2024-10-28,2025-02-27
U00089,P02,2025-03-01,2025-10-08
U00090,P02,2023-11-03,2024-03-10
U00090,P01,2024-03-11,2024-06-17
U00091,P03,2024-11-20,2025-04-01
U00092,P02,2023-11-12,2024-03-12
U00092,P02,2024-03-13,2024-08-31
U00093,P03,2023-05-01,2023-09-17
U00093,P01,2023-09-18,2023-11-28
U00094,P02,2023-09-21,2024-04-12
U00094,P02,2024-04-13,2024-11-02
U00095,P03,2023-04-26,2023-10-29
U00096,P02,2024-06-04,2024-12-05
U00096,P02,2024-12-06,2025-04-17
U00097,P01,2024-12-06,2025-03-15
U00097,P01,2025-03-16,2025-10-22
U00097,P02,2025-10-23,2026-01-30
U00098,P02,2025-02-23,2025-04-26
U00099,P02,2024-03-08,2024-06-14
U00100,P02,2024-04-26,2024-10-24
U00101,P02,2024-11-21,2025-01-23
U00102,P02,2023-05-11,2023-07-19
U00102,P01,2023-07-20,2023-10-27
U00103,P02,2025-09-01,2026-01-30
U00104,P02,2024-05-09,2024-08-30
U00104,P02,2024-08-31,2025-04-16
U00104,P01,2025-04-17,2025-11-02
U00105,P01,2024-08-20,2024-10-28
U00106,P02,2024-09-05,2025-01-29
U00107,P02,2023-05-31,2023-10-31
U00108,P02,2025-03-08,2025-09-06
U00108,P02,2025-09-07,2026-01-30
U00109,P01,2025-02-17,2025-10-10
U00109,P02,2025-10-11,2026-01-03
U00110,P01,2023-12-24,2024-07-30
U00110,P01,2024-07-31,2024-10-21
U00111,P02,2023-04-02,2023-10-20
U00112,P01,2024-07-13,2024-10-24
U00112,P01,2024-10-25,2025-06-22
U00113,P01,2023-07-09,2024-01-08
U00114,P01,2023-12-02,2024-02-26
U00114,P02,2024-02-27,2024-10-22
U00115,P01,2025-02-14,2025-06-29
U00115,P01,2025-06-30,2025-12-23
U00116,P01,2024-08-29,2025-01-16
U00116,P02,2025-01-17,2025-04-08
U00117,P02,2023-10-10,2023-12-12
U00118,P02,2024-09-22,2025-04-30
U00118,P02,2025-05-01,2025-10-18
U00119,P02,2023-10-30,2024-06-04
U00119,P03,2024-06-05,2024-09-26
U00120,P02,2024-09-15,2025-02-20
U00121,P03,2023-09-15,2024-05-03
U00121,P02,2024-05-04,2024-11-08
U00122,P03,2024-07-04,2025-01-07
U00122,P01,2025-01-08,2025-08-24
U00123,P01,2025-06-10,2026-01-23
U00123,P01,2026-01-24,2026-01-30
U00124,P02,2023-05-30,2023-12-10
U00124,P01,2023-12-11,2024-07-13
U00125,P01,2024-06-10,2024-12-21
U00126,P01,2023-07-21,2023-10-04
U00126,P01,2023-10-05,2024-02-20
U00127,P02,2024-12-23,2025-05-16
U00127,P01,2025-05-17,2025-10-17
U00128,P01,2025-06-06,2025-09-07
U00129,P01,2025-07-20,2025-09-19
U00130,P02,2025-09-16,2025-12-31
U00130,P02,2026-01-01,2026-01-30
U00131,P02,2023-07-07,2023-10-15
U00131,P02,2023-10-16,2024-05-11
U00131,P01,2024-05-12,2024-10-11
U00132,P02,2024-01-12,2024-04-14
U00133,P01,2024-02-23,2024-07-06
U00134,P02,2025-11-01,2026-01-28
U00134,P01,2026-01-29,2026-01-30
U00135,P02,2024-12-11,2025-05-11
U00135,P03,2025-05-12,2025-07-17
U00136,P02,2025-03-27,2025-11-08
U00136,P01,2025-11-09,2026-01-30
U00137,P01,2024-09-03,2025-04-05
U00138,P01,2025-07-10,2025-12-08
U00138,P01,2025-12-09,2026-01-30
U00139,P01,2025-10-26,2026-01-30
U00140,P02,2025-04-20,2025-12-16
U00141,P01,2024-02-12,2024-08-26
U00142,P01,2025-10-05,2026-01-30
U00143,P03,2024-12-16,2025-04-06
U00143,P01,2025-04-07,2025-07-07
U00144,P01,2024-04-17,2024-12-13
U00145,P01,2025-09-22,2026-01-30
U00146,P01,2024-12-20,2025-03-26
U00147,P03,2024-10-14,2025-05-06
U00147,P02,2025-05-07,2025-07-18
U00148,P02,2024-08-28,2024-12-12
U00148,P01,2024-12-13,2025-07-31
U00149,P01,2025-09-01,2025-10-31
U00149,P01,2025-11-01,2026-01-30
U00150,P01,2024-08-19,2025-03-21
U00150,P01,2025-03-22,2025-10-20
U00151,P02,2024-06-20,2024-10-03
U00151,P01,2024-10-04,2024-12-19
U00152,P02,2023-08-13,2024-02-16
U00152,P02,2024-02-17,2024-06-07
U00152,P02,2024-06-08,2024-08-23
U00153,P01,2025-02-16,2025-07-12
U00153,P03,2025-07-13,2025-11-09
U00154,P01,2023-05-29,2023-11-03
U00154,P02,2023-11-04,2024-01-18
U00155,P01,2024-04-07,2024-08-22
U00155,P02,2024-08-23,2025-04-08
U00156,P01,2025-02-28,2025-07-03
U00156,P01,2025-07-04,2025-09-08
U00157,P02,2023-06-25,2023-11-29
U00158,P02,2024-12-31,2025-05-19
U00158,P03,2025-05-20,2025-10-04
U00159,P03,2025-10-18,2026-01-30
U00160,P01,2023-12-13,2024-02-23
U00161,P02,2023-10-17,2024-01-19
U00161,P01,2024-01-20,2024-06-10
U00162,P02,2023-04-15,2023-07-07
U00162,P02,2023-07-08,2024-01-17
U00162,P01,2024-01-18,2024-05-31
U00163,P01,2025-06-15,2025-10-05
U00164,P01,2024-02-02,2024-09-23
U00165,P01,2023-12-14,2024-07-19
U00165,P02,2024-07-20,2024-10-13
U00166,P03,2025-02-22,2025-05-19
U00167,P02,2024-04-01,2024-09-15
U00168,P01,2024-04-01,2024-11-14
U00169,P02,2025-01-30,2025-04-26
U00170,P01,2024-04-25,2024-08-29
U00170,P01,2024-08-30,2024-11-16
U00171,P02,2025-04-24,2025-07-17
U00171,P02,2025-07-18,2025-11-14
U00172,P01,2024-08-25,2024-11-06
U00173,P01,2025-04-14,2025-10-13
U00173,P01,2025-10-14,2026-01-15
U00174,P01,2025-09-14,2026-01-30
U00175,P01,2025-01-11,2025-04-05
U00175,P01,2025-04-06,2025-07-30
U00175,P02,2025-07-31,2026-01-30
U00176,P02,2024-08-10,2024-10-29
U00176,P01,2024-10-30,2025-03-31
U00177,P03,2024-05-03,2024-07-18
U00178,P02,2023-04-14,2023-11-14
U00179,P01,2023-11-02,2024-06-20
U00179,P01,2024-06-21,2025-01-01
U00179,P02,2025-01-02,2025-04-13
U00180,P01,2024-07-05,2025-02-19
U00180,P01,2025-02-20,2025-05-14
U00181,P01,2025-09-19,2026-01-30
U00182,P01,2024-06-26,2024-11-25
U00182,P02,2024-11-26,2025-06-13
U00183,P02,2024-12-31,2025-04-07
U00183,P01,2025-04-08,2025-10-19
U00184,P03,2025-04-12,2025-07-24
U00184,P02,2025-07-25,2025-11-16
U00185,P02,2023-09-24,2023-12-07
U00185,P01,2023-12-08,2024-02-13
U00185,P01,2024-02-14,2024-08-17
U00186,P01,2025-09-04,2025-11-03
U00186,P02,2025-11-04,2026-01-23
U00187,P01,2024-09-07,2025-02-13
U00188,P01,2025-08-20,2026-01-06
U00189,P01,2025-04-06,2025-09-30
U00190,P02,2023-06-10,2023-12-21
U00191,P02,2024-02-19,2024-06-05
U00192,P02,2023-11-14,2024-05-20
U00193,P02,2025-07-29,2026-01-30
U00194,P01,2023-10-27,2024-04-02
U00195,P03,2025-09-02,2025-11-08
U00195,P01,2025-11-09,2026-01-30
U00196,P02,2025-05-22,2025-11-11
U00196,P01,2025-11-12,2026-01-30
U00197,P01,2024-11-13,2025-05-03
U00198,P01,2023-05-03,2023-12-14
U00198,P02,2023-12-15,2024-04-12
U00199,P01,2024-02-11,2024-06-17
U00200,P02,2024-04-02,2024-07-14
U00200,P02,2024-07-15,2024-10-08
U00201,P03,2023-11-21,2024-02-20
U00201,P01,2024-02-21,2024-07-23
U00202,P01,2024-10-15,2025-04-24
U00202,P02,2025-04-25,2025-08-19
U00203,P03,2023-06-17,2024-01-02
U00204,P01,2025-02-13,2025-09-01
U00205,P01,2024-04-13,2024-08-30
U00205,P01,2024-08-31,2025-03-09
U00206,P03,2025-06-11,2026-01-22
U00206,P01,2026-01-23,2026-01-30
U00207,P02,2024-10-26,2025-01-18
U00208,P02,2025-02-01,2025-04-21
U00209,P01,2024-02-14,2024-05-25
U00209,P01,2024-05-26,2024-09-04
U00210,P01,2025-09-04,2026-01-23
U00211,P02,2023-08-29,2024-01-25
U00212,P02,2024-07-04,2024-09-16
U00213,P01,2024-10-13,2025-04-06
U00214,P02,2025-01-08,2025-06-28
U00215,P02,2025-07-08,2025-11-22
U00216,P03,2023-12-20,2024-07-10
U00216,P02,2024-07-11,2024-10-21
U00217,P01,2023-12-05,2024-05-18
U00218,P02,2023-09-19,2023-11-30
U00218,P02,2023-12-01,2024-06-29
U00218,P03,2024-06-30,2024-10-27
U00219,P01,2024-05-19,2024-10-20
U00219,P02,2024-10-21,2025-03-24
U00220,P02,2023-02-27,2023-09-15
U00221,P01,2025-09-28,2025-11-28
U00221,P02,2025-11-29,2026-01-30
U00222,P02,2025-03-28,2025-10-08
U00222,P02,2025-10-09,2026-01-30
U00223,P02,2023-10-01,2024-03-24
U00224,P03,2025-08-07,2026-01-30
U00225,P02,2025-04-29,2025-10-05
U00226,P03,2025-08-27,2026-01-30
U00227,P01,2025-02-25,2025-06-23
U00228,P01,2024-08-05,2025-01-01
U00229,P02,2023-07-22,2024-01-24
U00230,P02,2023-04-22,2023-12-18
U00231,P01,2024-02-04,2024-06-27
U00231,P03,2024-06-28,2024-12-06
U00232,P01,2025-09-23,2026-01-30
U00233,P03,2025-06-18,2025-08-19
U00234,P02,2023-02-01,2023-08-13
U00235,P02,2023-02-09,2023-08-10
U00236,P01,2024-02-02,2024-06-10
U00236,P03,2024-06-11,2025-01-24
U00237,P03,2024-04-05,2024-06-10
U00237,P02,2024-06-11,2024-11-27
U00238,P02,2025-09-14,2025-12-27
U00238,P01,2025-12-28,2026-01-30
U00239,P01,2023-10-01,2024-03-31
U00239,P01,2024-04-01,2024-06-30
U00240,P01,2025-07-29,2025-09-27
U00241,P02,2024-10-12,2024-12-29
U00241,P02,2024-12-30,2025-07-01
U00242,P02,2023-02-21,2023-05-27
U00242,P01,2023-05-28,2023-11-22
U00243,P02,2025-10-02,2026-01-30
U00244,P02,2025-05-25,2026-01-12
U00244,P01,2026-01-13,2026-01-30
U00245,P02,2023-05-08,2023-09-15
U00245,P01,2023-09-16,2024-04-09
U00246,P01,2025-08-06,2025-12-25
U00247,P02,2023-09-21,2024-05-04
U00248,P02,2025-05-07,2025-11-19
U00248,P01,2025-11-20,2026-01-30
U00249,P02,2025-05-18,2025-10-24
U00249,P01,2025-10-25,2026-01-06
U00250,P01,2024-10-08,2025-05-31
U00250,P01,2025-06-01,2025-09-25
U00251,P01,2024-04-15,2024-08-05
U00252,P02,2025-11-22,2026-01-30
U00253,P02,2024-04-18,2024-07-02
U00253,P01,2024-07-03,2024-12-04
U00253,P03,2024-12-05,2025-07-25
U00254,P02,2025-11-17,2026-01-30
U00255,P03,2025-11-15,2026-01-30
U00256,P02,2024-11-08,2025-05-29
U00256,P02,2025-05-30,2025-12-10
U00257,P01,2024-01-22,2024-06-28
U00257,P02,2024-06-29,2024-10-02
U00258,P03,2025-09-04,2025-12-21
U00258,P03,2025-12-22,2026-01-30
U00259,P02,2025-08-11,2025-11-14
U00260,P01,2024-08-16,2025-03-24
U00261,P02,2025-01-26,2025-04-27
U00262,P03,2024-12-18,2025-06-21
U00263,P03,2023-08-05,2023-10-07
U00264,P03,2025-09-29,2025-11-30
U00264,P02,2025-12-01,2026-01-30
U00265,P02,2025-01-13,2025-05-13
U00266,P01,2024-04-20,2024-11-07
U00266,P01,2024-11-08,2025-04-26
U00267,P02,2025-02-16,2025-06-02
U00268,P01,2025-01-08,2025-07-28
U00269,P03,2023-02-26,2023-07-22
U00270,P02,2025-08-04,2025-12-08
U00271,P01,2024-10-20,2025-04-29
U00271,P01,2025-04-30,2025-11-07
U00272,P01,2024-01-11,2024-05-29
U00272,P03,2024-05-30,2024-12-02
U00273,P02,2024-04-16,2024-06-24
U00273,P01,2024-06-25,2024-11-18
U00274,P01,2023-09-04,2024-03-23
U00275,P01,2025-06-13,2025-12-15
U00276,P02,2024-10-25,2025-06-21
U00277,P03,2024-05-15,2024-10-07
U00278,P01,2023-06-21,2024-01-05
U00279,P02,2023-02-24,2023-04-28
U00279,P02,2023-04-29,2023-09-07
U00279,P01,2023-09-08,2023-11-27
U00280,P02,2025-04-16,2025-08-16
U00281,P01,2024-07-18,2024-09-19
U00282,P01,2025-09-29,2026-01-30
U00283,P02,2024-02-05,2024-09-19
U00284,P02,2023-03-07,2023-05-26
U00285,P02,2023-02-19,2023-10-12
U00286,P02,2024-01-03,2024-08-09
U00286,P03,2024-08-10,2025-02-15
U00287,P02,2024-07-31,2025-03-06
U00288,P02,2024-06-07,2024-11-23
U00289,P03,2024-08-09,2025-02-26
U00290,P01,2024-05-11,2024-08-20
U00290,P02,2024-08-21,2025-02-12
U00291,P03,2024-02-26,2024-08-07
U00291,P02,2024-08-08,2024-11-27
U00291,P03,2024-11-28,2025-06-13
U00292,P01,2023-09-08,2024-04-03
U00293,P02,2025-07-05,2025-12-06
U00293,P02,2025-12-07,2026-01-30
U00294,P02,2023-10-10,2024-05-01
U00294,P02,2024-05-02,2024-11-03
U00295,P02,2024-07-08,2024-12-29
U00296,P02,2025-05-14,2025-10-04
U00296,P01,2025-10-05,2026-01-30
U00297,P02,2024-02-27,2024-05-30
U00297,P02,2024-05-31,2024-11-12
U00298,P01,2024-02-02,2024-08-22
U00299,P01,2023-07-23,2024-01-11
U00299,P02,2024-01-12,2024-03-25
U00300,P01,2023-05-19,2023-09-24
U00301,P01,2024-04-10,2024-09-17
U00302,P01,2024-11-30,2025-02-21
U00303,P03,2023-07-23,2024-02-22
U00303,P02,2024-02-23,2024-04-25
U00304,P01,2023-05-31,2023-12-01
U00304,P01,2023-12-02,2024-07-07
U00305,P02,2023-09-27,2024-02-17
U00305,P02,2024-02-18,2024-09-12
U00306,P01,2025-10-15,2026-01-30
U00307,P01,2025-05-09,2025-09-22
U00308,P03,2025-11-16,2026-01-30
U00309,P01,2024-10-27,2025-04-04
U00309,P02,2025-04-05,2025-10-11
U00310,P02,2025-07-24,2026-01-30
U00311,P01,2024-04-27,2024-10-12
U00311,P03,2024-10-13,2025-03-22
U00312,P03,2025-01-11,2025-06-18
U00312,P02,2025-06-19,2025-10-30
U00312,P01,2025-10-31,2026-01-30
U00313,P01,2025-09-01,2025-11-29
U00314,P01,2024-01-27,2024-07-06
U00315,P01,2024-03-16,2024-09-30
U00315,P01,2024-10-01,2025-01-20
U00316,P01,2025-04-30,2025-07-04
U00317,P02,2023-06-08,2023-11-01
U00317,P03,2023-11-02,2024-04-05
U00318,P02,2025-01-20,2025-05-31
U00319,P02,2023-08-03,2023-10-30
U00320,P02,2025-04-28,2025-11-09
U00320,P01,2025-11-10,2026-01-30
U00321,P01,2023-12-24,2024-08-16
U00322,P01,2024-05-02,2024-07-22
U00323,P02,2024-08-23,2025-02-17
U00324,P03,2024-12-14,2025-04-23
U00325,P01,2023-11-02,2024-01-10
U00326,P02,2024-12-06,2025-08-01
U00326,P01,2025-08-02,2026-01-10
U00327,P02,2023-06-03,2023-11-28
U00327,P02,2023-11-29,2024-03-07
U00327,P01,2024-03-08,2024-07-10
U00328,P02,2024-03-28,2024-11-23
U00328,P01,2024-11-24,2025-04-14
U00328,P02,2025-04-15,2025-11-18
U00329,P01,2024-06-30,2025-02-22
U00330,P01,2025-04-14,2025-12-04
U00330,P02,2025-12-05,2026-01-30
U00331,P01,2025-06-28,2025-12-29
U00332,P02,2024-05-20,2025-01-08
U00332,P02,2025-01-09,2025-05-31
U00333,P01,2023-08-06,2024-02-11
U00334,P03,2023-11-14,2024-06-04
U00335,P01,2024-11-15,2025-07-02
U00336,P02,2024-11-20,2025-06-05
U00337,P03,2023-05-10,2023-11-30
U00337,P03,2023-12-01,2024-02-13
U00337,P03,2024-02-14,2024-08-25
U00338,P01,2024-09-06,2025-04-12
U00338,P01,2025-04-13,2025-08-19
U00339,P01,2023-09-09,2024-01-31
U00340,P02,2024-01-21,2024-07-29
U00341,P02,2023-01-31,2023-06-12
U00341,P01,2023-06-13,2023-10-04
U00342,P01,2024-03-10,2024-05-27
U00342,P01,2024-05-28,2024-12-01
U00343,P01,2024-06-27,2024-10-26
U00343,P02,2024-10-27,2025-01-26
U00343,P02,2025-01-27,2025-06-30
U00344,P02,2024-12-02,2025-07-07
U00345,P02,2023-11-07,2024-06-03
U00345,P01,2024-06-04,2024-10-03
U00346,P02,2023-06-08,2024-01-05
U00347,P01,2023-10-03,2023-12-15
U00348,P02,2025-03-02,2025-09-29
U00348,P03,2025-09-30,2026-01-06
U00349,P01,2025-02-08,2025-10-04
U00349,P01,2025-10-05,2026-01-30
U00350,P01,2025-11-22,2026-01-30
U00351,P02,2024-06-02,2024-10-29
U00352,P02,2024-05-14,2024-08-05
U00352,P03,2024-08-06,2025-03-08
U00353,P01,2024-02-28,2024-10-01
U00353,P01,2024-10-02,2025-02-27
U00354,P02,2025-04-01,2025-06-30
U00355,P02,2025-11-07,2026-01-30
U00356,P01,2024-09-18,2024-12-01
U00357,P02,2024-09-07,2025-03-16
U00358,P01,2024-08-01,2024-10-11
U00359,P02,2024-05-07,2024-07-06
U00360,P01,2024-07-03,2024-11-21
U00361,P01,2023-11-11,2024-06-22
U00362,P03,2023-10-20,2024-04-04
U00362,P02,2024-04-05,2024-09-15
U00363,P01,2025-07-26,2026-01-30
U00364,P01,2024-06-28,2024-10-04
U00365,P01,2025-06-23,2025-12-06
U00365,P01,2025-12-07,2026-01-30
U00366,P01,2025-10-12,2025-12-27
U00366,P01,2025-12-28,2026-01-30
U00367,P02,2024-05-04,2024-11-12
U00368,P02,2023-08-26,2024-02-15
U00368,P01,2024-02-16,2024-05-01
U00369,P02,2023-05-11,2023-09-27
U00370,P02,2023-03-05,2023-05-26
U00371,P02,2025-05-08,2025-10-16
U00371,P03,2025-10-17,2026-01-30
U00372,P02,2024-02-16,2024-04-17
U00373,P01,2024-02-20,2024-07-22
U00374,P02,2024-06-15,2024-12-11
U00375,P01,2024-07-02,2024-09-09
U00375,P01,2024-09-10,2025-02-28
U00376,P02,2025-05-13,2025-10-20
U00377,P02,2024-08-12,2025-01-04
U00377,P01,2025-01-05,2025-08-24
U00378,P01,2024-01-22,2024-05-04
U00378,P02,2024-05-05,2024-09-08
U00378,P01,2024-09-09,2024-11-19
U00379,P02,2025-02-12,2025-05-25
U00379,P01,2025-05-26,2025-09-07
U00379,P02,2025-09-08,2026-01-30
U00380,P01,2024-01-05,2024-06-10
U00380,P02,2024-06-11,2025-01-28
U00381,P01,2025-09-22,2026-01-30
U00382,P02,2024-09-21,2025-02-15
U00383,P03,2025-04-02,2025-09-14
U00383,P02,2025-09-15,2025-12-30
U00384,P01,2023-09-05,2023-12-05
U00384,P01,2023-12-06,2024-07-06
U00385,P01,2023-10-13,2023-12-22
U00386,P01,2024-11-25,2025-03-29
U00386,P02,2025-03-30,2025-07-09
U00387,P01,2023-08-31,2024-03-17
U00388,P01,2025-10-20,2026-01-30
U00389,P01,2025-06-02,2025-09-23
U00390,P02,2024-10-06,2025-05-08
U00391,P02,2025-06-11,2025-12-05
U00391,P01,2025-12-06,2026-01-30
U00392,P02,2024-10-12,2025-06-04
U00392,P02,2025-06-05,2026-01-21
U00393,P01,2024-10-24,2025-04-01
U00394,P01,2025-03-20,2025-11-04
U00395,P02,2025-09-10,2026-01-30
U00396,P02,2025-09-16,2026-01-20
U00397,P01,2025-05-01,2025-07-23
U00398,P03,2024-08-22,2025-02-21
U00399,P02,2025-03-20,2025-08-05
U00399,P01,2025-08-06,2025-11-20
U00400,P01,2023-10-18,2024-03-15
U00401,P03,2024-08-28,2025-02-13
U00402,P02,2024-05-25,2025-01-12
U00402,P01,2025-01-13,2025-08-14
U00403,P02,2024-11-21,2025-01-26
U00404,P02,2023-11-15,2024-02-29
U00405,P02,2023-11-22,2024-06-25
U00406,P02,2025-01-25,2025-07-07
U00406,P01,2025-07-08,2026-01-10
U00407,P02,2024-12-17,2025-07-08
U00407,P02,2025-07-09,2026-01-30
U00408,P01,2023-11-28,2024-06-23
U00409,P01,2024-08-01,2024-11-04
U00410,P02,2023-12-01,2024-07-07
U00411,P01,2024-02-12,2024-04-18
U00411,P01,2024-04-19,2024-09-28
U00412,P02,2025-05-21,2025-09-22
U00412,P02,2025-09-23,2026-01-30
U00413,P01,2024-08-15,2025-01-12
U00413,P01,2025-01-13,2025-06-10
U00414,P01,2023-06-25,2024-01-26
U00415,P02,2025-08-22,2026-01-30
U00416,P01,2024-10-31,2025-04-15
U00416,P02,2025-04-16,2025-07-26
U00416,P01,2025-07-27,2025-10-03
U00417,P02,2024-02-05,2024-08-04
U00418,P02,2023-02-14,2023-06-01
U00419,P01,2023-07-27,2023-10-03
U00420,P01,2023-08-08,2024-01-24
U00420,P03,2024-01-25,2024-04-09
U00421,P01,2023-05-14,2023-07-31
U00422,P03,2024-09-25,2025-03-29
U00423,P01,2024-05-22,2024-11-20
U00423,P01,2024-11-21,2025-06-08
U00424,P01,2025-06-09,2026-01-24
U00425,P02,2025-05-20,2025-12-02
U00426,P02,2024-10-12,2025-03-20
U00426,P02,2025-03-21,2025-10-09
U00427,P02,2025-07-17,2025-11-11
U00428,P01,2024-03-27,2024-05-28
U00429,P02,2023-05-30,2023-12-28
U00429,P01,2023-12-29,2024-08-08
U00430,P02,2023-05-03,2023-08-28
U00431,P02,2024-11-26,2025-05-30
U00431,P02,2025-05-31,2025-11-03
U00432,P01,2024-09-14,2025-03-06
U00432,P02,2025-03-07,2025-10-27
U00433,P01,2024-07-17,2025-03-13
U00434,P03,2023-12-19,2024-05-11
U00434,P01,2024-05-12,2024-09-23
U00435,P01,2023-05-01,2023-08-12
U00436,P01,2025-06-11,2026-01-30
U00437,P01,2023-03-27,2023-09-25
U00438,P01,2024-04-24,2024-09-28
U00438,P02,2024-09-29,2025-01-22
U00439,P03,2023-09-21,2023-12-06
U00440,P01,2023-02-28,2023-07-15
U00441,P01,2025-06-22,2025-09-22
U00442,P02,2025-01-15,2025-08-13
U00443,P01,2024-05-27,2025-01-11
U00443,P02,2025-01-12,2025-06-11
U00444,P01,2025-04-07,2025-07-01
U00445,P02,2025-10-17,2026-01-30
U00446,P02,2024-03-13,2024-10-19
U00446,P01,2024-10-20,2025-01-01
U00447,P01,2023-07-21,2024-01-22
U00447,P02,2024-01-23,2024-07-19
U00448,P03,2024-01-14,2024-04-15
U00449,P02,2025-02-19,2025-10-12
U00449,P02,2025-10-13,2026-01-30
U00450,P03,2024-04-13,2024-07-06
U00451,P02,2025-04-29,2025-08-13
U00452,P03,2023-09-17,2023-11-17
U00453,P01,2024-11-12,2025-03-12
U00454,P02,2025-01-18,2025-05-18
U00454,P01,2025-05-19,2025-12-28
U00455,P03,2023-11-28,2024-03-25
U00455,P02,2024-03-26,2024-08-22
U00456,P01,2023-10-12,2024-03-07
U00457,P02,2023-10-31,2024-04-06
U00458,P03,2024-09-09,2025-04-16
U00459,P03,2023-08-04,2023-12-22
U00459,P02,2023-12-23,2024-03-26
U00460,P03,2025-10-27,2026-01-30
U00461,P03,2023-08-13,2023-11-24
U00461,P02,2023-11-25,2024-03-03
U00461,P02,2024-03-04,2024-07-19
U00462,P01,2023-05-18,2023-11-07
U00463,P02,2024-09-12,2025-04-25
U00463,P01,2025-04-26,2025-11-12
U00463,P01,2025-11-13,2026-01-30
U00464,P01,2023-05-03,2023-10-03
U00464,P02,2023-10-04,2024-04-02
U00465,P01,2023-07-15,2023-09-26
U00465,P01,2023-09-27,2023-12-19
U00466,P01,2025-07-12,2026-01-30
U00467,P01,2024-12-16,2025-06-01
U00467,P03,2025-06-02,2025-12-14
U00468,P01,2023-06-16,2023-12-24
U00469,P02,2025-09-20,2025-12-09
U00470,P02,2025-05-21,2025-12-07
U00470,P01,2025-12-08,2026-01-30
U00471,P03,2023-04-22,2023-07-30
U00471,P02,2023-07-31,2023-12-31
U00472,P02,2024-06-13,2024-11-17
U00472,P01,2024-11-18,2025-01-18
U00473,P02,2023-10-26,2024-04-19
U00473,P02,2024-04-20,2024-06-22
U00473,P02,2024-06-23,2024-09-20
U00474,P02,2023-03-16,2023-05-19
U00475,P03,2025-07-29,2026-01-01
U00476,P01,2023-04-04,2023-08-25
U00476,P01,2023-08-26,2024-01-22
U00477,P01,2023-04-17,2023-11-24
U00477,P01,2023-11-25,2024-06-29
U00478,P01,2024-12-13,2025-04-06
U00479,P03,2025-04-17,2025-11-23
U00479,P01,2025-11-24,2026-01-30
U00480,P02,2023-11-02,2024-02-02
U00480,P02,2024-02-03,2024-07-09
U00480,P02,2024-07-10,2024-10-04
U00481,P02,2025-09-12,2026-01-30
U00482,P01,2025-06-11,2025-09-28
U00482,P02,2025-09-29,2026-01-30
U00483,P01,2025-06-16,2025-10-10
U00483,P02,2025-10-11,2026-01-30
U00484,P02,2023-06-09,2023-12-17
U00484,P02,2023-12-18,2024-02-21
U00485,P02,2024-04-17,2024-07-18
U00486,P02,2023-10-20,2024-02-04
U00486,P02,2024-02-05,2024-08-01
U00487,P02,2024-10-01,2025-05-13
U00488,P01,2025-06-06,2025-12-28
U00488,P01,2025-12-29,2026-01-30
U00489,P02,2023-09-11,2024-03-23
U00489,P02,2024-03-24,2024-07-17
U00489,P03,2024-07-18,2024-11-04
U00490,P02,2024-04-20,2024-11-20
U00491,P02,2025-07-25,2025-10-06
U00492,P02,2024-08-27,2024-12-25
U00493,P02,2023-09-15,2024-01-10
U00494,P02,2024-01-14,2024-04-13
U00495,P01,2024-06-22,2024-10-24
U00496,P01,2025-02-28,2025-10-06
U00496,P02,2025-10-07,2026-01-30
U00497,P02,2023-12-17,2024-05-19
U00497,P02,2024-05-20,2024-10-14
U00498,P03,2024-05-23,2025-01-04
U00499,P02,2025-05-19,2025-10-10
U00500,P02,2023-12-06,2024-02-12
U00500,P02,2024-02-13,2024-06-12
U00501,P01,2025-05-30,2025-11-28
U00501,P02,2025-11-29,2026-01-30
U00502,P01,2023-07-04,2023-12-02
U00503,P02,2023-12-14,2024-03-30
U00504,P01,2024-09-08,2025-03-28
U00504,P02,2025-03-29,2025-09-18
U00505,P01,2025-08-20,2026-01-30
U00506,P02,2024-08-16,2024-11-15
U00506,P01,2024-11-16,2025-06-22
U00507,P03,2024-09-22,2025-01-02
U00508,P02,2023-05-21,2023-07-24
U00508,P03,2023-07-25,2023-09-24
U00509,P01,2025-02-09,2025-09-26
U00509,P02,2025-09-27,2026-01-30
U00510,P01,2025-04-16,2025-11-13
U00511,P01,2024-09-27,2024-12-06
U00512,P03,2025-07-12,2026-01-20
U00513,P02,2023-06-15,2024-02-02
U00514,P02,2024-11-16,2025-05-26
U00514,P02,2025-05-27,2026-01-07
U00514,P02,2026-01-08,2026-01-30
U00515,P02,2023-12-22,2024-08-16
U00516,P01,2023-04-28,2023-11-01
U00517,P01,2025-06-13,2025-12-13
U00518,P02,2024-08-16,2025-01-20
U00519,P02,2024-09-02,2024-12-23
U00519,P02,2024-12-24,2025-05-31
U00520,P03,2023-04-18,2023-10-07
U00521,P03,2023-08-25,2023-12-08
U00522,P01,2024-10-27,2025-03-24
U00522,P01,2025-03-25,2025-10-12
U00523,P01,2023-07-13,2024-01-05
U00524,P03,2023-12-09,2024-06-26
U00525,P02,2023-11-29,2024-03-03
U00526,P01,2023-09-02,2024-03-30
U00527,P01,2025-11-20,2026-01-30
U00528,P03,2025-03-12,2025-10-20
U00529,P01,2024-10-26,2025-02-04
U00530,P02,2023-11-17,2024-05-25
U00531,P03,2025-01-30,2025-08-18
U00531,P03,2025-08-19,2025-10-19
U00532,P01,2024-09-21,2024-12-01
U00533,P02,2023-10-05,2024-01-31
U00534,P02,2024-02-07,2024-08-21
U00535,P01,2025-04-02,2025-10-11
U00536,P01,2024-02-26,2024-09-29
U00537,P03,2024-05-16,2024-08-30
U00538,P02,2023-06-07,2023-08-09
U00539,P02,2025-05-31,2025-12-17
U00539,P01,2025-12-18,2026-01-30
U00540,P01,2023-12-19,2024-05-06
U00541,P01,2024-03-18,2024-09-17
U00541,P02,2024-09-18,2024-12-06
U00542,P01,2023-09-22,2024-01-05
U00542,P01,2024-01-06,2024-07-15
U00543,P01,2025-01-02,2025-08-26
U00544,P02,2023-11-28,2024-05-16
U00545,P01,2024-02-29,2024-07-03
U00545,P02,2024-07-04,2025-02-05
U00546,P02,2025-09-01,2026-01-13
U00546,P01,2026-01-14,2026-01-30
U00547,P02,2024-05-03,2024-09-06
U00548,P02,2024-07-17,2024-10-26
U00548,P03,2024-10-27,2025-01-06
U00549,P03,2024-02-01,2024-06-03
U00550,P03,2025-01-15,2025-04-26
U00550,P03,2025-04-27,2025-09-23
U00551,P01,2023-07-12,2023-11-13
U00552,P01,2025-10-10,2026-01-30
U00553,P02,2025-10-28,2026-01-30
U00554,P02,2024-08-29,2024-12-31
U00555,P02,2023-10-31,2024-05-31
U00556,P01,2025-01-26,2025-06-19
U00557,P02,2025-11-05,2026-01-30
U00558,P02,2023-10-13,2024-05-28
U00559,P02,2023-11-17,2024-05-22
U00559,P01,2024-05-23,2024-12-12
U00560,P03,2024-03-25,2024-11-12
U00560,P01,2024-11-13,2025-03-04
U00560,P02,2025-03-05,2025-06-01
U00561,P02,2024-10-28,2025-01-27
U00561,P02,2025-01-28,2025-07-29
U00562,P02,2023-02-23,2023-05-19
U00563,P02,2024-04-22,2024-12-03
U00563,P02,2024-12-04,2025-03-12
U00563,P02,2025-03-13,2025-09-21
U00564,P03,2023-04-01,2023-07-19
U00565,P01,2024-08-19,2025-02-14
U00566,P01,2025-07-13,2025-11-22
U00566,P01,2025-11-23,2026-01-30
U00567,P02,2023-07-20,2023-09-26
U00567,P02,2023-09-27,2023-12-20
U00568,P01,2025-06-18,2025-10-19
U00568,P01,2025-10-20,2026-01-07
U00569,P01,2025-06-15,2025-12-16
U00570,P01,2024-12-22,2025-07-30
U00571,P01,2025-10-23,2026-01-30
U00572,P02,2023-04-16,2023-09-05
U00573,P02,2023-11-03,2024-01-02
U00574,P02,2024-04-24,2024-07-31
U00574,P01,2024-08-01,2024-11-27
U00575,P02,2025-01-27,2025-07-06
U00575,P01,2025-07-07,2026-01-30
U00576,P02,2023-09-19,2024-04-26
U00576,P01,2024-04-27,2024-09-16
U00577,P03,2025-04-15,2025-09-19
U00578,P02,2025-10-29,2026-01-30
U00579,P01,2025-10-29,2026-01-30
U00580,P01,2025-11-03,2026-01-30
U00581,P01,2023-02-21,2023-08-02
U00581,P01,2023-08-03,2023-12-12
U00582,P03,2024-01-10,2024-07-26
U00583,P02,2024-07-30,2024-10-12
U00584,P03,2023-05-07,2023-08-28
U00585,P03,2023-04-13,2023-07-21
U00585,P02,2023-07-22,2023-10-02
U00586,P02,2023-05-17,2023-08-21
U00586,P01,2023-08-22,2024-02-03
U00587,P01,2025-11-28,2026-01-30
U00588,P01,2024-02-29,2024-09-16
U00589,P02,2025-07-27,2026-01-30
U00590,P02,2024-06-09,2024-09-19
U00591,P01,2024-08-28,2025-01-28
U00592,P01,2024-10-26,2024-12-28
U00593,P02,2024-06-16,2024-09-07
U00593,P02,2024-09-08,2024-11-28
U00594,P01,2025-03-12,2025-10-14
U00595,P01,2024-10-26,2025-01-08
U00596,P02,2023-11-17,2024-02-20
U00597,P02,2025-05-10,2025-08-25
U00598,P01,2025-06-30,2025-09-12
U00598,P03,2025-09-13,2026-01-30
U00599,P02,2025-05-03,2025-12-22
U00599,P02,2025-12-23,2026-01-30
U00600,P01,2023-12-03,2024-05-10
U00600,P02,2024-05-11,2024-12-25
U00601,P01,2024-08-06,2024-11-20
U00602,P01,2023-06-22,2024-02-06
U00603,P01,2023-12-30,2024-04-08
U00604,P01,2025-02-17,2025-07-02
U00605,P01,2025-08-11,2025-10-16
U00606,P02,2025-08-11,2025-10-10
U00607,P01,2023-07-07,2023-11-15
U00607,P01,2023-11-16,2024-03-27
U00608,P02,2023-08-14,2023-11-14
U00608,P03,2023-11-15,2024-06-01
U00609,P02,2025-01-23,2025-07-20
U00610,P02,2024-11-22,2025-07-17
U00610,P01,2025-07-18,2026-01-30
U00611,P01,2025-06-13,2025-10-25
U00611,P01,2025-10-26,2026-01-30
U00612,P02,2023-12-13,2024-05-01
U00613,P01,2024-05-31,2024-11-04
U00614,P02,2024-01-06,2024-03-15
U00614,P03,2024-03-16,2024-05-19
U00615,P02,2024-11-15,2025-06-27
U00616,P01,2025-01-18,2025-03-21
U00616,P02,2025-03-22,2025-09-23
U00617,P02,2023-06-26,2023-09-25
U00618,P02,2025-11-08,2026-01-30
U00619,P01,2023-02-12,2023-07-16
U00620,P01,2024-01-16,2024-06-03
U00620,P01,2024-06-04,2024-08-28
U00621,P02,2023-10-02,2024-02-06
U00622,P02,2025-10-13,2026-01-30
U00623,P02,2024-10-16,2025-05-23
U00624,P02,2025-12-01,2026-01-30
U00625,P01,2023-06-16,2023-09-10
U00625,P01,2023-09-11,2024-04-01
U00626,P02,2023-10-21,2024-05-20
U00626,P01,2024-05-21,2024-11-14
U00627,P03,2024-05-27,2024-12-04
U00627,P01,2024-12-05,2025-07-24
U00628,P02,2024-07-15,2024-11-20
U00629,P02,2024-01-31,2024-04-08
U00630,P03,2024-10-19,2025-06-04
U00631,P02,2024-05-08,2024-09-25
U00631,P01,2024-09-26,2025-02-05
U00632,P02,2023-03-13,2023-08-07
U00633,P01,2023-10-19,2024-02-19
U00633,P01,2024-02-20,2024-07-30
U00634,P02,2025-04-30,2025-07-12
U00635,P02,2025-06-26,2025-11-10
U00636,P01,2025-10-13,2026-01-30
U00637,P02,2023-06-17,2024-01-23
U00637,P01,2024-01-24,2024-04-17
U00638,P01,2023-11-11,2024-02-18
U00638,P02,2024-02-19,2024-09-22
U00639,P01,2024-07-10,2024-10-06
U00640,P02,2023-07-07,2023-10-23
U00641,P01,2025-08-22,2025-11-24
U00642,P01,2024-03-14,2024-08-01
U00643,P01,2024-04-10,2024-10-18
U00643,P01,2024-10-19,2025-01-01
U00643,P02,2025-01-02,2025-07-22
U00644,P01,2023-10-22,2024-06-08
U00645,P02,2023-07-16,2024-02-09
U00646,P01,2023-08-25,2024-04-07
U00647,P01,2024-12-20,2025-04-13
U00647,P02,2025-04-14,2025-07-12
U00648,P01,2023-07-20,2023-09-19
U00648,P01,2023-09-20,2024-04-10
U00648,P01,2024-04-11,2024-06-25
U00649,P02,2025-03-26,2025-09-11
U00650,P01,2023-06-27,2023-12-14
U00650,P01,2023-12-15,2024-07-15
U00650,P02,2024-07-16,2024-11-16
U00651,P02,2025-01-23,2025-07-18
U00652,P02,2023-08-28,2023-11-02
U00653,P02,2025-10-05,2026-01-30
U00654,P03,2025-01-27,2025-05-22
U00654,P01,2025-05-23,2025-10-17
U00655,P01,2023-04-03,2023-09-16
U00656,P02,2023-08-24,2024-04-12
U00657,P02,2023-05-19,2023-11-11
U00658,P02,2024-12-10,2025-02-10
U00659,P01,2024-05-18,2024-11-11
U00659,P02,2024-11-12,2025-05-17
U00660,P03,2023-08-10,2024-02-11
U00660,P01,2024-02-12,2024-09-10
U00661,P01,2024-04-28,2024-08-22
U00662,P02,2024-09-25,2025-03-08
U00662,P03,2025-03-09,2025-06-08
U00663,P03,2024-11-28,2025-02-06
U00663,P01,2025-02-07,2025-06-08
U00664,P01,2023-11-12,2024-02-03
U00664,P02,2024-02-04,2024-06-05
U00665,P02,2023-12-30,2024-06-29
U00666,P01,2023-08-30,2024-04-01
U00667,P02,2024-08-11,2025-02-06
U00668,P02,2024-12-31,2025-04-04
U00669,P02,2025-11-17,2026-01-30
U00670,P01,2025-02-10,2025-09-04
U00671,P01,2025-05-06,2025-11-12
U00671,P02,2025-11-13,2026-01-30
U00672,P01,2024-08-22,2025-01-12
U00672,P02,2025-01-13,2025-08-29
U00673,P02,2023-10-06,2024-02-27
U00674,P02,2025-05-13,2025-10-18
U00674,P01,2025-10-19,2026-01-30
U00675,P02,2024-10-01,2024-12-20
U00675,P02,2024-12-21,2025-04-25
U00676,P03,2023-07-04,2023-09-09
U00676,P01,2023-09-10,2024-01-26
U00677,P02,2024-12-19,2025-03-17
U00678,P02,2025-08-17,2026-01-30
U00679,P01,2025-01-02,2025-04-25
U00680,P02,2024-11-03,2025-06-16
U00680,P03,2025-06-17,2026-01-06
U00681,P01,2025-03-12,2025-10-24
U00681,P01,2025-10-25,2026-01-30
U00682,P02,2023-09-05,2023-11-16
U00683,P01,2025-03-25,2025-06-10
U00683,P02,2025-06-11,2025-10-28
U00684,P01,2023-08-13,2024-02-03
U00685,P02,2023-07-07,2023-11-17
U00685,P02,2023-11-18,2024-07-06
U00686,P02,2023-08-11,2024-03-06
U00686,P03,2024-03-07,2024-07-03
U00687,P03,2023-09-07,2023-12-23
U00688,P01,2024-08-10,2025-01-25
U00689,P01,2024-01-31,2024-06-07
U00689,P02,2024-06-08,2024-11-18
U00689,P03,2024-11-19,2025-01-26
U00690,P02,2023-05-12,2023-12-02
U00691,P01,2025-07-11,2026-01-30
U00692,P03,2023-08-04,2024-02-21
U00693,P01,2024-07-31,2025-02-11
U00693,P03,2025-02-12,2025-05-01
U00694,P02,2023-06-28,2024-02-23
U00695,P01,2025-02-06,2025-08-29
U00696,P02,2024-05-20,2024-10-28
U00696,P01,2024-10-29,2025-05-07
U00697,P01,2024-12-04,2025-05-18
U00698,P02,2023-06-12,2024-01-07
U00698,P01,2024-01-08,2024-05-02
U00699,P02,2025-01-11,2025-05-14
U00700,P01,2025-02-08,2025-05-23
U00701,P02,2023-09-08,2024-02-02
U00701,P02,2024-02-03,2024-04-17
U00702,P01,2024-06-25,2024-10-13
U00702,P03,2024-10-14,2025-05-26
U00703,P02,2023-04-26,2023-12-05
U00704,P02,2025-07-09,2026-01-10
U00704,P02,2026-01-11,2026-01-30
U00705,P01,2023-07-30,2023-11-26
U00705,P01,2023-11-27,2024-06-25
U00706,P02,2025-01-22,2025-09-06
U00706,P01,2025-09-07,2026-01-30
U00707,P01,2023-04-17,2023-08-15
U00707,P03,2023-08-16,2024-04-09
U00707,P01,2024-04-10,2024-10-06
U00708,P01,2023-12-03,2024-06-10
U00708,P02,2024-06-11,2025-02-03
U00709,P02,2023-08-08,2023-11-15
U00709,P01,2023-11-16,2024-06-09
U00710,P02,2025-07-14,2025-12-05
U00711,P01,2024-10-10,2025-04-05
U00711,P01,2025-04-06,2025-06-08
U00712,P01,2023-10-06,2024-03-05
U00713,P03,2024-10-14,2025-05-11
U00714,P01,2023-07-22,2023-11-21
U00714,P02,2023-11-22,2024-04-15
U00714,P01,2024-04-16,2024-10-26
U00715,P01,2024-09-03,2025-04-14
U00715,P03,2025-04-15,2025-12-04
U00716,P02,2025-03-19,2025-08-05
U00716,P02,2025-08-06,2026-01-30
U00717,P01,2023-07-15,2023-10-29
U00717,P01,2023-10-30,2024-04-13
U00718,P02,2023-10-29,2024-01-31
U00718,P03,2024-02-01,2024-08-30
U00718,P02,2024-08-31,2025-03-27
U00719,P02,2023-04-22,2023-11-06
U00719,P03,2023-11-07,2024-04-24
U00719,P01,2024-04-25,2024-06-30
U00720,P02,2024-10-08,2025-05-22
U00721,P02,2024-11-17,2025-07-12
U00722,P03,2024-05-11,2024-09-08
U00723,P01,2023-04-17,2023-10-28
U00724,P01,2024-03-13,2024-10-08
U00725,P02,2023-05-16,2023-08-05
U00726,P02,2023-02-24,2023-06-06
U00726,P03,2023-06-07,2024-01-15
U00727,P01,2023-02-10,2023-08-04
U00728,P02,2024-04-15,2024-09-25
U00728,P02,2024-09-26,2025-02-06
U00729,P01,2024-10-31,2025-01-03
U00729,P02,2025-01-04,2025-08-20
U00729,P02,2025-08-21,2025-11-23
U00730,P01,2024-07-29,2024-11-17
U00730,P01,2024-11-18,2025-06-01
U00730,P01,2025-06-02,2025-08-03
U00731,P02,2025-03-02,2025-08-08
U00732,P02,2024-11-24,2025-04-01
U00733,P02,2025-09-29,2026-01-30
U00734,P01,2024-03-04,2024-07-19
U00735,P01,2025-10-24,2026-01-30
U00736,P01,2023-10-13,2024-03-01
U00736,P03,2024-03-02,2024-06-08
U00737,P01,2025-11-29,2026-01-30
U00738,P02,2025-07-08,2025-10-15
U00739,P01,2025-11-07,2026-01-30
U00740,P03,2024-09-09,2025-01-25
U00741,P01,2023-02-02,2023-06-14
U00742,P01,2023-06-15,2024-01-30
U00743,P02,2024-01-06,2024-07-23
U00744,P01,2023-09-05,2024-01-22
U00745,P02,2023-02-09,2023-07-14
U00745,P02,2023-07-15,2024-02-01
U00745,P01,2024-02-02,2024-06-09
U00746,P01,2025-08-14,2026-01-30
U00747,P02,2023-06-08,2024-01-18
U00748,P03,2023-12-19,2024-06-13
U00748,P01,2024-06-14,2025-01-13
U00749,P02,2025-01-30,2025-05-22
U00749,P01,2025-05-23,2025-09-17
U00750,P02,2024-11-03,2025-06-06
U00751,P02,2024-05-15,2024-11-27
U00752,P02,2024-08-20,2025-02-02
U00752,P02,2025-02-03,2025-06-15
U00753,P01,2023-07-12,2024-02-12
U00754,P01,2025-03-28,2025-05-27
U00755,P01,2024-02-12,2024-07-09
U00755,P02,2024-07-10,2024-10-09
U00756,P01,2023-12-04,2024-05-19
U00757,P02,2023-03-22,2023-10-24
U00758,P01,2023-12-04,2024-02-29
U00758,P01,2024-03-01,2024-07-13
U00759,P01,2024-02-09,2024-04-26
U00759,P02,2024-04-27,2024-09-29
U00759,P01,2024-09-30,2025-01-03
U00760,P02,2025-06-15,2025-09-08
U00761,P01,2025-11-06,2026-01-30
U00762,P01,2023-10-09,2024-04-19
U00763,P01,2024-06-25,2024-09-26
U00764,P01,2023-11-07,2024-03-13
U00765,P01,2025-06-07,2025-09-27
U00766,P02,2023-09-14,2024-02-06
U00766,P03,2024-02-07,2024-06-17
U00767,P01,2023-08-08,2023-10-20
U00767,P01,2023-10-21,2023-12-25
U00768,P01,2024-02-06,2024-10-02
U00769,P03,2023-05-08,2023-10-30
U00770,P02,2024-10-15,2025-04-08
U00771,P02,2023-10-05,2024-02-08
U00772,P01,2024-12-31,2025-03-25
U00773,P01,2024-07-06,2024-12-29
U00773,P01,2024-12-30,2025-07-20
U00774,P03,2023-09-27,2024-01-14
U00775,P03,2023-07-22,2023-12-08
U00775,P02,2023-12-09,2024-06-24
U00776,P01,2025-04-30,2025-12-15
U00776,P03,2025-12-16,2026-01-30
U00777,P02,2023-12-21,2024-08-07
U00777,P03,2024-08-08,2024-12-30
U00778,P02,2023-08-19,2024-01-15
U00778,P02,2024-01-16,2024-08-17
U00778,P01,2024-08-18,2025-04-11
U00779,P02,2023-02-13,2023-09-29
U00779,P01,2023-09-30,2024-02-22
U00780,P01,2023-10-21,2024-03-29
U00780,P02,2024-03-30,2024-09-05
U00781,P01,2024-09-07,2025-04-12
U00781,P01,2025-04-13,2025-09-14
U00782,P02,2023-07-05,2024-01-10
U00783,P03,2024-09-26,2025-02-15
U00783,P01,2025-02-16,2025-04-27
U00784,P02,2023-04-07,2023-09-09
U00784,P03,2023-09-10,2024-02-27
U00785,P01,2025-07-07,2026-01-30
U00786,P01,2025-11-13,2026-01-30
U00787,P02,2025-02-23,2025-05-26
U00788,P02,2024-04-17,2024-11-24
U00789,P02,2024-11-06,2025-01-09
U00790,P02,2024-09-26,2024-12-22
U00790,P01,2024-12-23,2025-07-07
U00791,P01,2023-02-28,2023-05-13
U00792,P01,2024-03-17,2024-06-05
U00792,P03,2024-06-06,2024-09-10
U00793,P02,2024-01-27,2024-09-14
U00793,P01,2024-09-15,2025-04-10
U00794,P02,2024-08-20,2024-11-25
U00794,P01,2024-11-26,2025-04-26
U00795,P01,2024-04-27,2024-09-18
U00795,P02,2024-09-19,2025-05-03
U00796,P01,2023-11-15,2024-04-26
U00797,P02,2024-06-06,2025-01-02
U00797,P02,2025-01-03,2025-04-23
U00798,P01,2024-02-27,2024-09-18
U00799,P02,2024-09-30,2025-03-13
U00800,P03,2025-04-30,2025-08-01
U00801,P01,2023-11-12,2024-02-23
U00802,P03,2023-03-31,2023-11-26
U00803,P01,2023-05-26,2023-08-22
U00803,P01,2023-08-23,2023-12-21
U00804,P02,2024-02-27,2024-10-22
U00805,P02,2024-09-17,2025-04-13
U00805,P01,2025-04-14,2025-11-23
U00805,P01,2025-11-24,2026-01-30
U00806,P02,2023-11-23,2024-02-10
U00806,P02,2024-02-11,2024-06-27
U00807,P02,2023-06-13,2023-09-07
U00808,P01,2025-07-30,2025-11-01
U00808,P03,2025-11-02,2026-01-30
U00809,P02,2023-08-05,2023-12-06
U00809,P01,2023-12-07,2024-02-15
U00809,P01,2024-02-16,2024-08-16
U00810,P02,2024-09-10,2025-01-21
U00811,P01,2025-10-03,2026-01-30
U00812,P02,2025-05-20,2025-10-28
U00813,P02,2023-08-26,2023-10-25
U00814,P03,2023-12-04,2024-04-29
U00815,P02,2025-10-13,2026-01-30
U00816,P02,2025-08-22,2025-12-17
U00816,P03,2025-12-18,2026-01-30
U00817,P01,2024-10-22,2025-02-20
U00818,P02,2024-01-01,2024-04-24
U00819,P01,2025-05-23,2025-08-16
U00820,P01,2024-02-28,2024-10-01
U00820,P01,2024-10-02,2025-04-21
U00820,P01,2025-04-22,2025-08-02
U00821,P02,2024-08-09,2024-11-19
U00822,P03,2023-10-13,2024-03-26
U00822,P03,2024-03-27,2024-11-20
U00823,P01,2025-05-01,2025-11-21
U00824,P01,2025-11-03,2026-01-30
U00825,P01,2023-08-24,2023-12-06
U00826,P01,2023-09-06,2024-02-05
U00827,P03,2025-09-01,2025-11-01
U00827,P02,2025-11-02,2026-01-30
U00828,P01,2024-07-01,2024-09-12
U00828,P02,2024-09-13,2025-05-01
U00829,P01,2024-01-15,2024-07-16
U00829,P03,2024-07-17,2024-10-21
U00830,P01,2024-03-01,2024-10-20
U00831,P02,2023-03-28,2023-10-21
U00831,P01,2023-10-22,2024-03-02
U00832,P01,2024-02-02,2024-05-10
U00833,P02,2023-12-20,2024-05-25
U00833,P02,2024-05-26,2025-01-12
U00834,P01,2024-10-28,2025-02-26
U00835,P01,2023-07-28,2023-12-23
U00836,P01,2024-02-29,2024-10-09
U00836,P02,2024-10-10,2025-02-03
U00837,P03,2023-05-17,2023-10-10
U00838,P01,2023-04-08,2023-08-05
U00838,P01,2023-08-06,2024-02-24
U00839,P01,2024-10-21,2025-02-13
U00839,P01,2025-02-14,2025-10-07
U00840,P02,2024-09-10,2025-04-30
U00841,P03,2024-01-04,2024-07-08
U00841,P03,2024-07-09,2025-02-24
U00841,P03,2025-02-25,2025-06-19
U00842,P03,2024-05-28,2025-01-06
U00843,P03,2023-10-27,2024-04-27
U00843,P02,2024-04-28,2024-09-06
U00844,P02,2024-07-31,2024-12-29
U00845,P03,2024-01-31,2024-05-30
U00846,P02,2025-02-14,2025-07-06
U00847,P02,2024-06-10,2024-08-24
U00848,P01,2024-01-15,2024-09-08
U00849,P02,2024-03-22,2024-09-03
U00850,P02,2024-08-03,2024-12-29
U00851,P02,2023-04-04,2023-09-05
U00851,P01,2023-09-06,2023-12-14
U00852,P01,2025-06-04,2025-11-17
U00852,P01,2025-11-18,2026-01-30
U00853,P03,2025-05-29,2025-10-10
U00853,P02,2025-10-11,2026-01-30
U00854,P02,2025-01-26,2025-07-28
U00855,P03,2025-03-19,2025-08-08
U00855,P01,2025-08-09,2025-12-06
U00856,P01,2023-02-04,2023-06-27
U00856,P01,2023-06-28,2024-01-17
U00857,P01,2024-06-30,2024-12-04
U00858,P02,2024-08-02,2025-01-28
U00858,P01,2025-01-29,2025-06-02
U00859,P01,2025-03-16,2025-10-04
U00859,P01,2025-10-05,2026-01-30
U00860,P01,2025-04-25,2025-12-06
U00860,P01,2025-12-07,2026-01-30
U00861,P02,2025-11-10,2026-01-30
U00862,P02,2024-04-07,2024-11-13
U00862,P02,2024-11-14,2025-02-11
U00863,P02,2024-05-20,2024-08-28
U00864,P02,2024-05-16,2025-01-03
U00864,P03,2025-01-04,2025-03-12
U00865,P01,2024-06-23,2024-12-07
U00865,P01,2024-12-08,2025-06-07
U00866,P01,2023-09-16,2024-02-27
U00867,P02,2023-05-14,2023-12-25
U00867,P02,2023-12-26,2024-03-05
U00868,P03,2023-08-05,2023-10-16
U00868,P01,2023-10-17,2024-02-22
U00868,P03,2024-02-23,2024-10-01
U00869,P01,2024-06-09,2024-09-19
U00869,P03,2024-09-20,2025-02-08
U00870,P01,2023-07-04,2023-11-30
U00871,P02,2025-08-28,2026-01-02
U00871,P02,2026-01-03,2026-01-30
U00872,P03,2024-01-01,2024-06-28
U00872,P02,2024-06-29,2024-10-24
U00873,P03,2024-03-19,2024-10-01
U00873,P02,2024-10-02,2024-12-28
U00874,P02,2023-06-23,2023-10-25
U00875,P02,2025-04-01,2025-09-27
U00876,P01,2024-07-20,2024-10-16
U00876,P02,2024-10-17,2025-01-09
U00876,P02,2025-01-10,2025-07-21
U00877,P01,2024-10-17,2025-03-31
U00877,P02,2025-04-01,2025-11-01
U00878,P01,2024-08-20,2025-02-01
U00878,P02,2025-02-02,2025-04-09
U00879,P02,2024-07-22,2025-02-18
U00879,P02,2025-02-19,2025-10-07
U00880,P01,2023-08-11,2023-11-20
U00880,P02,2023-11-21,2024-06-09
U00881,P02,2025-08-07,2026-01-30
U00882,P01,2025-05-11,2025-09-22
U00883,P03,2025-03-27,2025-09-28
U00883,P02,2025-09-29,2026-01-30
U00884,P01,2025-09-02,2025-12-06
U00885,P02,2025-05-16,2025-07-24
U00886,P02,2025-05-11,2025-09-21
U00887,P02,2023-12-12,2024-06-01
U00888,P01,2023-08-20,2024-01-23
U00889,P01,2024-08-30,2025-03-12
U00890,P01,2024-03-25,2024-09-16
U00891,P02,2024-04-27,2024-11-13
U00892,P01,2025-08-08,2025-10-28
U00893,P02,2023-05-18,2023-08-31
U00893,P01,2023-09-01,2024-02-21
U00893,P01,2024-02-22,2024-05-29
U00894,P02,2024-01-26,2024-05-20
U00895,P01,2025-02-17,2025-09-28
U00895,P01,2025-09-29,2026-01-30
U00896,P01,2023-02-19,2023-10-07
U00897,P02,2024-04-17,2024-09-30
U00898,P03,2025-03-05,2025-05-30
U00899,P02,2024-09-09,2025-02-15
U00900,P02,2023-10-29,2024-01-27
U00900,P02,2024-01-28,2024-05-27
U00901,P01,2024-07-05,2024-12-15
U00901,P02,2024-12-16,2025-05-21
U00902,P02,2023-07-03,2023-10-27
U00902,P03,2023-10-28,2024-04-12
U00903,P01,2023-02-13,2023-09-21
U00904,P01,2025-06-06,2026-01-18
U00905,P01,2023-02-20,2023-08-04
U00905,P01,2023-08-05,2023-10-17
U00906,P03,2023-09-29,2024-04-20
U00907,P02,2024-02-03,2024-04-04
U00908,P02,2024-01-26,2024-05-25
U00909,P02,2025-03-03,2025-07-23
U00910,P02,2023-07-05,2024-01-03
U00910,P02,2024-01-04,2024-07-02
U00911,P01,2024-05-17,2024-08-30
U00911,P02,2024-08-31,2024-10-30
U00912,P01,2024-04-23,2024-08-18
U00913,P02,2023-09-30,2024-03-08
U00914,P02,2023-09-25,2024-03-13
U00915,P01,2023-03-13,2023-08-18
U00916,P01,2023-09-22,2024-05-04
U00917,P02,2024-10-24,2025-03-04
U00918,P01,2025-08-30,2026-01-30
U00919,P01,2024-12-10,2025-05-12
U00919,P02,2025-05-13,2025-07-24
U00919,P02,2025-07-25,2026-01-30
U00920,P01,2025-04-18,2025-09-24
U00921,P02,2024-12-12,2025-02-18
U00922,P01,2023-10-26,2023-12-27
U00922,P03,2023-12-28,2024-04-19
U00922,P02,2024-04-20,2024-09-19
U00923,P02,2025-02-12,2025-05-25
U00924,P02,2025-07-05,2026-01-30
U00925,P01,2023-03-17,2023-06-04
U00926,P01,2025-07-16,2025-12-20
U00926,P01,2025-12-21,2026-01-30
U00927,P02,2025-10-27,2026-01-30
U00928,P02,2025-08-27,2025-10-26
U00928,P01,2025-10-27,2026-01-30
U00929,P02,2023-07-05,2023-10-12
U00930,P02,2023-09-11,2023-12-23
U00931,P01,2023-08-27,2024-04-02
U00932,P01,2024-07-18,2025-01-09
U00933,P02,2023-11-04,2024-03-15
U00934,P02,2023-02-21,2023-04-29
U00934,P02,2023-04-30,2023-09-30
U00935,P03,2025-10-29,2026-01-30
U00936,P01,2025-05-27,2025-09-12
U00937,P02,2024-06-07,2024-12-08
U00938,P03,2024-07-06,2024-11-06
U00938,P01,2024-11-07,2025-05-17
U00939,P01,2024-10-29,2025-04-04
U00940,P02,2023-05-17,2023-07-20
U00941,P03,2024-07-31,2024-11-13
U00941,P01,2024-11-14,2025-04-13
U00942,P01,2023-06-02,2023-12-15
U00943,P02,2024-03-16,2024-06-11
U00944,P01,2024-03-31,2024-10-11
U00944,P01,2024-10-12,2025-03-24
U00944,P03,2025-03-25,2025-06-26
U00945,P01,2024-01-03,2024-08-03
U00946,P01,2024-10-30,2025-01-01
U00946,P01,2025-01-02,2025-08-09
U00947,P03,2024-10-04,2025-02-02
U00948,P01,2023-10-22,2024-04-20
U00949,P01,2025-11-12,2026-01-30
U00950,P02,2025-06-20,2025-11-12
U00951,P01,2024-06-21,2025-01-19
U00951,P02,2025-01-20,2025-06-10
U00952,P01,2025-01-09,2025-06-14
U00952,P03,2025-06-15,2026-01-07
U00952,P01,2026-01-08,2026-01-30
U00953,P01,2024-04-01,2024-06-01
U00954,P01,2024-02-25,2024-06-18
U00954,P02,2024-06-19,2024-12-17
U00955,P02,2023-10-05,2024-01-08
U00956,P02,2024-08-29,2024-12-01
U00957,P01,2024-11-02,2025-02-05
U00957,P01,2025-02-06,2025-06-14
U00958,P01,2025-10-24,2026-01-30
U00959,P01,2023-02-24,2023-07-16
U00960,P01,2024-02-06,2024-09-26
U00961,P01,2025-05-17,2025-12-21
U00961,P01,2025-12-22,2026-01-30
U00962,P03,2025-04-03,2025-08-31
U00963,P01,2023-08-25,2024-03-07
U00963,P03,2024-03-08,2024-09-27
U00964,P02,2023-12-24,2024-06-26
U00965,P03,2023-05-06,2023-08-14
U00966,P03,2024-06-21,2024-11-02
U00967,P01,2024-07-03,2024-10-08
U00967,P03,2024-10-09,2025-02-10
U00968,P01,2025-06-08,2025-10-15
U00968,P01,2025-10-16,2026-01-30
U00969,P02,2025-07-21,2025-11-10
U00970,P01,2024-09-26,2025-02-07
U00970,P02,2025-02-08,2025-04-28
U00970,P01,2025-04-29,2025-09-29
U00971,P01,2024-07-25,2024-10-04
U00972,P01,2023-09-10,2024-04-16
U00973,P02,2023-05-19,2023-09-19
U00973,P03,2023-09-20,2024-01-10
U00974,P01,2025-03-26,2025-10-12
U00974,P03,2025-10-13,2025-12-21
U00975,P01,2023-09-29,2024-04-03
U00975,P01,2024-04-04,2024-11-13
U00976,P03,2024-08-09,2025-04-03
U00976,P02,2025-04-04,2025-07-10
U00977,P02,2024-05-15,2024-08-07
U00978,P02,2024-04-09,2024-12-03
U00979,P02,2025-10-25,2026-01-18
U00979,P01,2026-01-19,2026-01-30
U00980,P02,2025-03-19,2025-08-10
U00981,P02,2025-11-03,2026-01-30
U00982,P01,2024-03-25,2024-08-16
U00982,P01,2024-08-17,2025-03-22
U00983,P01,2024-03-05,2024-10-29
U00984,P03,2025-11-27,2026-01-30
U00985,P01,2023-05-31,2023-09-22
U00986,P02,2024-04-11,2024-11-05
U00987,P01,2025-05-14,2025-07-31
U00987,P03,2025-08-01,2025-12-11
U00988,P02,2025-05-16,2025-08-01
U00988,P01,2025-08-02,2026-01-02
U00989,P01,2025-09-11,2026-01-30
U00990,P02,2023-07-08,2023-10-01
U00991,P02,2025-11-17,2026-01-30
U00992,P01,2025-10-13,2026-01-30
U00993,P03,2025-10-14,2026-01-02
U00993,P03,2026-01-03,2026-01-30
U00994,P02,2023-10-30,2024-06-22
U00994,P03,2024-06-23,2025-01-26
U00995,P01,2023-10-04,2024-05-24
U00995,P01,2024-05-25,2024-08-19
U00996,P03,2025-02-12,2025-04-22
U00996,P02,2025-04-23,2025-12-11
U00996,P01,2025-12-12,2026-01-30
U00997,P02,2024-12-22,2025-05-10
U00998,P01,2025-05-04,2025-12-26
U00999,P02,2024-11-30,2025-06-29
U01000,P03,2025-06-20,2025-12-22
U01000,P01,2025-12-23,2026-01-30
U01001,P03,2024-11-05,2025-01-07
U01001,P02,2025-01-08,2025-04-16
U01002,P01,2025-09-28,2026-01-30
U01003,P03,2024-12-18,2025-03-28
U01003,P01,2025-03-29,2025-09-05
U01003,P01,2025-09-06,2025-12-01
U01004,P02,2024-06-13,2024-11-21
U01005,P01,2023-07-17,2023-11-22
U01006,P01,2024-03-20,2024-10-04
U01007,P01,2024-08-24,2025-04-18
U01008,P02,2024-09-19,2025-04-09
U01008,P01,2025-04-10,2025-07-08
U01009,P01,2024-01-13,2024-08-15
U01010,P01,2024-12-16,2025-07-30
U01010,P01,2025-07-31,2025-10-01
U01011,P03,2025-11-20,2026-01-30
U01012,P02,2023-09-04,2023-12-14
U01013,P01,2025-05-23,2025-10-06
U01014,P01,2023-07-13,2024-02-05
U01015,P02,2024-04-04,2024-07-02
U01015,P01,2024-07-03,2024-10-20
U01016,P02,2025-05-25,2026-01-07
U01017,P01,2023-03-27,2023-11-01
U01017,P01,2023-11-02,2024-03-08
U01018,P02,2023-08-28,2024-03-11
U01019,P01,2024-11-14,2025-06-01
U01020,P02,2024-12-29,2025-03-14
U01020,P01,2025-03-15,2025-09-08
U01020,P01,2025-09-09,2026-01-30
U01021,P01,2023-08-14,2023-12-08
U01021,P01,2023-12-09,2024-03-02
U01022,P03,2025-05-05,2025-09-14
U01023,P03,2024-03-27,2024-06-12
U01024,P01,2023-05-07,2023-11-24
U01024,P02,2023-11-25,2024-05-04
U01025,P02,2024-04-06,2024-10-26
U01025,P01,2024-10-27,2025-02-24
U01026,P02,2024-04-10,2024-09-13
U01027,P03,2024-02-19,2024-07-13
U01028,P01,2023-03-27,2023-09-01
U01028,P03,2023-09-02,2023-12-28
U01028,P02,2023-12-29,2024-03-24
U01029,P01,2025-07-21,2025-12-07
U01029,P02,2025-12-08,2026-01-30
U01030,P01,2025-03-17,2025-08-17
U01031,P02,2024-08-06,2024-11-25
U01031,P02,2024-11-26,2025-03-23
U01032,P01,2025-01-05,2025-03-14
U01032,P01,2025-03-15,2025-06-20
U01033,P01,2025-03-16,2025-09-14
U01034,P01,2023-10-02,2024-02-11
U01035,P03,2024-04-10,2024-06-09
U01036,P02,2025-07-18,2025-12-10
U01036,P01,2025-12-11,2026-01-30
U01037,P01,2025-07-07,2025-11-13
U01037,P03,2025-11-14,2026-01-30
U01038,P01,2025-09-19,2026-01-30
U01039,P02,2024-02-03,2024-04-12
U01040,P02,2023-05-21,2023-09-06
U01040,P02,2023-09-07,2023-12-02
U01041,P02,2025-06-16,2025-08-21
U01041,P02,2025-08-22,2026-01-02
U01042,P01,2023-02-06,2023-08-23
U01043,P01,2024-11-19,2025-04-16
U01044,P01,2025-08-16,2025-11-02
U01045,P01,2025-01-17,2025-08-31
U01046,P01,2023-02-01,2023-06-07
U01046,P02,2023-06-08,2024-01-15
U01047,P02,2025-05-20,2025-08-02
U01048,P02,2024-01-20,2024-04-13
U01048,P01,2024-04-14,2024-12-08
U01049,P02,2025-02-13,2025-08-18
U01049,P02,2025-08-19,2025-11-29
U01049,P01,2025-11-30,2026-01-30
U01050,P03,2023-12-20,2024-06-12
U01051,P02,2024-05-28,2024-10-13
U01052,P02,2024-08-08,2025-02-10
U01053,P01,2024-05-28,2024-10-27
U01054,P02,2024-03-20,2024-06-14
U01055,P02,2025-02-17,2025-10-03
U01056,P02,2025-09-03,2026-01-09
U01057,P01,2024-12-26,2025-05-28
U01057,P02,2025-05-29,2025-10-23
U01058,P01,2024-06-15,2024-12-23
U01059,P02,2023-07-21,2024-02-10
U01059,P03,2024-02-11,2024-07-03
U01059,P02,2024-07-04,2025-02-13
U01060,P02,2024-01-04,2024-05-21
U01060,P03,2024-05-22,2024-11-18
U01061,P01,2024-05-16,2025-01-06
U01062,P01,2024-04-02,2024-11-03
U01062,P02,2024-11-04,2025-04-05
U01062,P03,2025-04-06,2025-07-18
U01063,P01,2023-08-14,2024-01-22
U01064,P03,2023-05-01,2023-07-16
U01065,P02,2025-01-07,2025-06-02
U01066,P01,2023-12-01,2024-07-06
U01066,P02,2024-07-07,2024-12-05
U01067,P02,2023-03-25,2023-10-25
U01068,P03,2023-11-26,2024-06-03
U01069,P03,2023-08-05,2024-03-12
U01069,P02,2024-03-13,2024-06-10
U01070,P03,2023-04-29,2023-09-09
U01071,P02,2025-11-24,2026-01-30
U01072,P02,2024-03-20,2024-11-10
U01072,P01,2024-11-11,2025-04-07
U01072,P02,2025-04-08,2025-09-28
U01073,P02,2024-07-06,2024-11-02
U01073,P02,2024-11-03,2025-04-01
U01074,P01,2023-05-04,2023-12-27
U01075,P03,2023-12-19,2024-06-28
U01076,P01,2025-01-31,2025-07-30
U01076,P03,2025-07-31,2025-10-20
U01077,P01,2024-06-18,2024-08-29
U01077,P03,2024-08-30,2025-02-19
U01078,P02,2024-03-24,2024-07-02
U01078,P01,2024-07-03,2025-02-20
U01079,P01,2023-05-23,2023-09-01
U01079,P02,2023-09-02,2024-01-26
U01080,P01,2025-03-18,2025-08-21
U01080,P03,2025-08-22,2025-11-25
U01080,P02,2025-11-26,2026-01-30
U01081,P01,2024-05-08,2024-09-20
U01082,P02,2024-03-29,2024-05-29
U01082,P02,2024-05-30,2024-10-13
U01083,P01,2024-10-13,2025-02-10
U01083,P01,2025-02-11,2025-09-30
U01084,P01,2025-01-29,2025-05-31
U01085,P03,2024-12-15,2025-04-09
U01086,P01,2024-05-31,2024-08-26
U01086,P02,2024-08-27,2025-03-08
U01087,P02,2023-10-24,2024-01-12
U01087,P02,2024-01-13,2024-09-03
U01087,P01,2024-09-04,2025-02-23
U01088,P02,2023-10-06,2024-03-14
U01088,P02,2024-03-15,2024-10-29
U01089,P01,2025-11-08,2026-01-30
U01090,P02,2023-02-05,2023-06-14
U01091,P02,2023-12-14,2024-07-03
U01092,P03,2023-12-31,2024-03-06
U01092,P01,2024-03-07,2024-06-20
U01092,P03,2024-06-21,2024-11-25
U01093,P03,2024-06-25,2024-12-01
U01093,P01,2024-12-02,2025-03-04
U01093,P01,2025-03-05,2025-10-20
U01094,P02,2025-11-04,2026-01-30
U01095,P01,2025-04-14,2025-07-20
U01096,P02,2023-07-04,2023-09-22
U01096,P03,2023-09-23,2024-02-27
U01097,P01,2024-10-14,2025-03-15
U01097,P01,2025-03-16,2025-10-11
U01098,P03,2023-11-25,2024-04-06
U01098,P02,2024-04-07,2024-08-02
U01098,P01,2024-08-03,2025-01-05
U01099,P02,2024-08-12,2025-02-27
U01099,P02,2025-02-28,2025-08-03
U01099,P01,2025-08-04,2026-01-30
U01100,P03,2024-07-31,2024-11-10
U01101,P02,2024-05-05,2024-10-14
U01101,P01,2024-10-15,2025-06-02
U01102,P02,2025-11-20,2026-01-30
U01103,P01,2025-07-21,2026-01-30
U01104,P02,2025-03-25,2025-09-15
U01105,P02,2023-02-22,2023-07-23
U01105,P03,2023-07-24,2023-10-14
U01106,P02,2024-07-27,2024-11-05
U01106,P01,2024-11-06,2025-05-22
U01107,P01,2024-01-14,2024-03-31
U01108,P03,2025-04-30,2025-10-27
U01108,P01,2025-10-28,2026-01-30
U01109,P01,2023-10-24,2024-04-30
U01109,P02,2024-05-01,2024-10-25
U01109,P03,2024-10-26,2025-04-05
U01110,P01,2025-10-18,2026-01-16
U01111,P01,2024-02-13,2024-05-13
U01112,P02,2023-04-08,2023-07-24
U01113,P01,2023-09-22,2024-01-14
U01114,P01,2024-04-10,2024-11-07
U01114,P02,2024-11-08,2025-06-21
U01114,P03,2025-06-22,2025-12-31
U01115,P01,2023-08-31,2024-03-07
U01115,P01,2024-03-08,2024-06-07
U01116,P02,2024-12-11,2025-03-17
U01117,P02,2025-08-05,2025-12-08
U01117,P01,2025-12-09,2026-01-30
U01118,P01,2025-08-20,2026-01-30
U01119,P03,2023-04-11,2023-09-30
U01120,P01,2024-08-19,2025-03-02
U01121,P02,2025-07-15,2025-10-28
U01122,P01,2024-02-18,2024-07-03
U01123,P03,2024-10-22,2025-03-04
U01124,P03,2025-10-07,2026-01-30
U01125,P01,2023-11-19,2024-06-21
U01126,P01,2023-09-18,2023-11-19
U01126,P03,2023-11-20,2024-04-03
U01126,P02,2024-04-04,2024-08-28
U01127,P03,2025-10-31,2026-01-30
U01128,P01,2024-10-19,2025-02-25
U01128,P03,2025-02-26,2025-08-15
U01129,P01,2025-03-10,2025-09-22
U01130,P01,2025-08-13,2025-10-31
U01131,P02,2025-10-19,2026-01-30
U01132,P01,2023-06-03,2023-08-13
U01132,P02,2023-08-14,2023-12-07
U01133,P01,2024-03-24,2024-09-24
U01134,P01,2023-08-29,2024-02-09
U01134,P01,2024-02-10,2024-06-13
U01135,P01,2024-02-15,2024-10-12
U01135,P01,2024-10-13,2025-04-04
U01136,P01,2023-02-13,2023-09-04
U01136,P02,2023-09-05,2024-04-27
U01136,P01,2024-04-28,2024-08-31
U01137,P03,2024-03-07,2024-07-15
U01138,P01,2024-02-10,2024-07-23
U01138,P01,2024-07-24,2025-03-03
U01139,P02,2024-06-17,2025-01-29
U01140,P03,2025-08-01,2026-01-30
U01141,P01,2023-12-18,2024-07-20
U01142,P02,2025-01-24,2025-07-31
U01143,P01,2023-11-06,2024-06-13
U01143,P02,2024-06-14,2024-10-16
U01144,P02,2023-11-18,2024-01-19
U01144,P03,2024-01-20,2024-03-21
U01145,P01,2025-02-22,2025-05-01
U01145,P01,2025-05-02,2025-10-29
U01146,P01,2025-06-14,2025-10-14
U01146,P03,2025-10-15,2026-01-30
U01147,P01,2025-06-27,2025-09-19
U01148,P01,2025-04-04,2025-07-30
U01148,P01,2025-07-31,2025-10-24
U01149,P01,2024-06-07,2024-12-26
U01149,P02,2024-12-27,2025-07-24
U01150,P02,2025-08-05,2026-01-04
U01150,P01,2026-01-05,2026-01-30
U01151,P02,2025-10-11,2026-01-30
U01152,P01,2024-03-29,2024-06-12
U01152,P01,2024-06-13,2024-10-07
U01153,P02,2023-11-11,2024-06-02
U01154,P02,2024-07-21,2025-01-13
U01155,P01,2023-05-02,2023-09-29
U01155,P01,2023-09-30,2023-12-26
U01155,P01,2023-12-27,2024-04-03
U01156,P01,2025-08-02,2026-01-30
U01157,P03,2024-05-08,2024-10-20
U01157,P01,2024-10-21,2025-04-01
U01158,P03,2025-04-26,2025-07-08
U01159,P02,2025-07-20,2025-12-20
U01160,P02,2025-07-07,2026-01-30
U01161,P02,2023-09-10,2024-04-11
U01161,P01,2024-04-12,2024-09-06
U01162,P01,2024-07-12,2025-02-16
U01162,P02,2025-02-17,2025-05-19
U01163,P01,2024-06-19,2024-10-04
U01163,P02,2024-10-05,2025-02-18
U01164,P02,2023-06-13,2023-12-19
U01165,P01,2025-11-29,2026-01-30
U01166,P02,2024-05-08,2024-07-24
U01166,P01,2024-07-25,2024-09-29
U01167,P01,2023-05-13,2023-08-09
U01167,P03,2023-08-10,2023-11-04
U01168,P01,2024-07-11,2024-12-08
U01169,P02,2023-05-26,2023-10-03
U01170,P01,2025-10-14,2026-01-30
U01171,P01,2025-04-19,2025-10-06
U01171,P02,2025-10-07,2025-12-27
U01172,P01,2023-06-30,2023-12-01
U01172,P02,2023-12-02,2024-05-02
U01172,P02,2024-05-03,2024-12-05
U01173,P01,2023-05-03,2023-11-09
U01174,P01,2025-03-30,2025-09-19
U01174,P02,2025-09-20,2026-01-05
U01175,P02,2024-06-03,2025-01-22
U01175,P01,2025-01-23,2025-07-21
U01176,P01,2023-10-22,2024-06-03
U01177,P02,2024-07-27,2024-12-24
U01178,P03,2024-08-19,2024-12-01
U01178,P01,2024-12-02,2025-02-28
U01179,P01,2024-02-02,2024-05-23
U01180,P02,2025-05-18,2025-11-01
U01181,P02,2025-12-01,2026-01-30
U01182,P01,2023-09-26,2024-02-11
U01182,P02,2024-02-12,2024-05-31
U01183,P02,2024-03-16,2024-06-21
U01184,P03,2025-08-22,2025-11-24
U01185,P01,2024-05-11,2024-12-02
U01186,P01,2025-06-07,2025-12-30
U01187,P03,2024-02-15,2024-09-03
U01187,P03,2024-09-04,2024-12-21
U01188,P02,2023-05-25,2023-10-04
U01188,P02,2023-10-05,2024-01-03
U01188,P02,2024-01-04,2024-07-08
U01189,P02,2023-07-14,2024-02-25
U01190,P02,2024-03-19,2024-10-19
U01190,P03,2024-10-20,2025-03-10
U01191,P02,2025-02-27,2025-07-09
U01191,P02,2025-07-10,2026-01-28
U01192,P02,2024-12-14,2025-04-03
U01192,P01,2025-04-04,2025-11-04
U01192,P01,2025-11-05,2026-01-30
U01193,P01,2025-11-28,2026-01-30
U01194,P02,2023-09-12,2023-12-30
U01195,P01,2023-11-08,2024-06-23
U01195,P01,2024-06-24,2024-10-26
U01196,P01,2024-05-12,2024-12-31
U01197,P02,2025-09-03,2026-01-30
U01198,P01,2023-09-08,2023-11-25
U01199,P02,2023-09-20,2024-02-19
U01200,P03,2024-06-12,2025-02-05
U01200,P02,2025-02-06,2025-06-10
