CuentaID,IBAN,ClienteID,TipoCuenta,FechaApertura
AC00001,ES67660206461786660702,CL00787,Ahorro,2025-04-19
AC00002,ES69831999381727216730,CL00993,Ahorro,2024-12-17
AC00003,ES54930385377611659028,CL00140,Corriente,2025-08-26
AC00004,ES63133403950923513796,CL00473,Ahorro,2023-04-27
AC00005,ES48139106871877910894,CL00876,Corriente,2024-02-21
AC00006,ES57681614103347691727,CL00595,Corriente,2023-06-02
AC00007,ES79527694516077278345,CL00725,Corriente,2024-06-29
AC00008,ES79945042626551234921,CL01113,Ahorro,2024-03-21
AC00009,ES24245863572106039969,CL00639,Corriente,2023-08-05
AC00010,ES69545465972341192028,CL00348,Ahorro,2023-03-04
AC00011,ES74560309716914787174,CL00669,Ahorro,2025-08-25
AC00012,ES75322300898619288541,CL00242,Corriente,2025-10-01
AC00013,ES11485383646512668348,CL00073,Nómina,2023-11-18
AC00014,ES66885646866547626822,CL01152,Ahorro,2025-05-19
AC00015,ES65937205125725048854,CL00762,Corriente,2025-02-21
AC00016,ES66405546235106437927,CL00100,Ahorro,2025-12-19
AC00017,ES89192657547815869703,CL00152,Ahorro,2023-02-27
AC00018,ES56676595131477744304,CL00825,Nómina,2024-08-26
AC00019,ES22165496855540223446,CL00692,Ahorro,2024-04-11
AC00020,ES93381596595256548646,CL00596,Corriente,2023-03-29
AC00021,ES31172508388711241399,CL01007,Corriente,2026-01-12
AC00022,ES80626425359250933225,CL00855,Corriente,2025-12-15
AC00023,ES12697565503321805703,CL00791,Nómina,2024-01-04
AC00024,ES85787599963073967752,CL00284,Corriente,2026-01-30
AC00025,ES34721515506218197010,CL00474,Corriente,2025-02-12
AC00026,ES96144885997713714238,CL00924,Corriente,2025-11-09
AC00027,ES79144506636632295610,CL00403,Nómina,2024-06-19
AC00028,ES90469213685107402914,CL00850,Corriente,2023-04-13
AC00029,ES78941844261990546287,CL01132,Corriente,2023-09-07
AC00030,ES28591431482910899385,CL00363,Corriente,2024-09-05
AC00031,ES14333846702773849168,CL01162,Ahorro,2025-08-20
AC00032,ES82179089930140892088,CL00734,Ahorro,2023-02-04
AC00033,ES13148300794311115985,CL00654,Corriente,2026-01-10
AC00034,ES41472411447862153783,CL00399,Corriente,2023-07-02
AC00035,ES78370162024943055421,CL00091,Nómina,2023-07-02
AC00036,ES41535546456643338414,CL00460,Ahorro,2025-09-06
AC00037,ES75849531772186131101,CL00213,Ahorro,2024-01-25
AC00038,ES49353930668240917678,CL00927,Corriente,2025-08-20
AC00039,ES25728588833792985675,CL00903,Corriente,2024-08-12
AC00040,ES87890407364416015585,CL00269,Nómina,2024-04-18
AC00041,ES68955625325660566689,CL00593,Corriente,2025-10-14
AC00042,ES63821251762756829933,CL00993,Nómina,2025-06-27
AC00043,ES30863466593154476864,CL01190,Corriente,2024-10-21
AC00044,ES81470642115907432342,CL00963,Corriente,2023-07-17
AC00045,ES41361013705945204326,CL01033,Corriente,2023-09-21
AC00046,ES82845102968981848013,CL00599,Nómina,2025-12-20
AC00047,ES25852324070851508317,CL00529,Corriente,2025-12-16
AC00048,ES10850020819075233060,CL00831,Corriente,2024-11-26
AC00049,ES73891680738913071452,CL00482,Ahorro,2025-12-26
AC00050,ES14726806006580094519,CL00515,Corriente,2025-06-04
AC00051,ES30750086345647404471,CL00602,Corriente,2025-07-14
AC00052,ES54545326231254963573,CL00069,Nómina,2023-04-09
AC00053,ES50430562026029821794,CL00301,Ahorro,2023-07-07
AC00054,ES37236372972522426384,CL00693,Ahorro,2025-08-13
AC00055,ES78531504810251010529,CL00199,Corriente,2025-06-03
AC00056,ES26721611896585499959,CL00204,Corriente,2025-01-26
AC00057,ES95110662788407798347,CL00582,Nómina,2024-07-06
AC00058,ES68614267816689564395,CL00614,Corriente,2023-12-22
AC00059,ES66445317040973870471,CL01158,Corriente,2024-10-28
AC00060,ES48767133564938965292,CL00081,Corriente,2024-02-28
AC00061,ES54224862512234046423,CL00456,Nómina,2025-07-15
AC00062,ES37519930561441389724,CL00889,Corriente,2024-05-03
AC00063,ES51862312225319991519,CL00417,Ahorro,2024-09-29
AC00064,ES26924224471100048972,CL01118,Corriente,2024-01-07
AC00065,ES53789440088363580879,CL00576,Ahorro,2023-02-03
AC00066,ES69782107215226404632,CL00864,Nómina,2025-01-19
AC00067,ES12518705709434178054,CL00108,Ahorro,2026-01-09
AC00068,ES21186792408630129475,CL00640,Corriente,2024-02-02
AC00069,ES43650520806381846237,CL00908,Corriente,2025-05-26
AC00070,ES81753996998223957671,CL00517,Corriente,2023-06-20
AC00071,ES17752050928340501839,CL00907,Nómina,2025-02-02
AC00072,ES47809631592007769609,CL00173,Corriente,2023-04-10
AC00073,ES71616503956827794033,CL00353,Ahorro,2025-02-24
AC00074,ES18388322509924111576,CL00856,Corriente,2023-06-23
AC00075,ES57821004121354787025,CL00276,Corriente,2024-06-07
AC00076,ES11832837310907968767,CL00495,Corriente,2025-01-08
AC00077,ES53285475439747615224,CL00798,Nómina,2025-10-04
AC00078,ES38997061997973368148,CL00516,Corriente,2023-11-04
AC00079,ES70900612638868039280,CL00933,Nómina,2023-10-21
AC00080,ES52494386198773419571,CL00715,Nómina,2025-02-12
AC00081,ES66677191209988134253,CL00491,Corriente,2024-03-11
AC00082,ES96148872298309610031,CL00735,Corriente,2024-03-23
AC00083,ES43133468686237689687,CL00883,Ahorro,2024-02-12
AC00084,ES59343936275560900691,CL00968,Corriente,2025-08-18
AC00085,ES14716308908633710991,CL00363,Corriente,2025-09-30
AC00086,ES78138517685804848246,CL00561,Corriente,2023-07-14
AC00087,ES44162524077565289853,CL00032,Corriente,2024-04-08
AC00088,ES91512450821395298569,CL00026,Corriente,2025-01-22
AC00089,ES51355454230916161465,CL00680,Corriente,2024-06-17
AC00090,ES84597661183130645360,CL00695,Corriente,2025-10-13
AC00091,ES78972994808873183530,CL00833,Nómina,2023-06-16
AC00092,ES66159902751150626297,CL00062,Corriente,2023-06-28
AC00093,ES59367041383900167628,CL00082,Nómina,2025-04-01
AC00094,ES88579089973735677449,CL01111,Corriente,2024-12-15
AC00095,ES73727770339014492395,CL00360,Corriente,2024-06-26
AC00096,ES41748037930976968275,CL00719,Corriente,2023-11-02
AC00097,ES27877031071744755952,CL00094,Corriente,2023-09-28
AC00098,ES97704263219359796280,CL00402,Nómina,2024-05-11
AC00099,ES37684300771135641223,CL00979,Ahorro,2023-06-27
AC00100,ES37888212134898489086,CL00147,Nómina,2024-08-03
AC00101,ES30154324513120939638,CL01055,Corriente,2023-09-12
AC00102,ES39382283628595055618,CL00165,Ahorro,2025-11-08
AC00103,ES33888829004099388986,CL00764,Corriente,2024-11-07
AC00104,ES73475759406468394673,CL00133,Corriente,2023-05-08
AC00105,ES56683083519189769108,CL01155,Corriente,2025-11-28
AC00106,ES37335634217478032006,CL00567,Corriente,2025-01-18
AC00107,ES72360034095003473805,CL00062,Corriente,2024-01-15
AC00108,ES15589635107461906568,CL00797,Corriente,2024-07-28
AC00109,ES82499534785098319585,CL00266,Corriente,2023-06-09
AC00110,ES86493577870521509150,CL00819,Corriente,2023-05-11
AC00111,ES78229838985282831268,CL00335,Ahorro,2025-03-08
AC00112,ES42920120125924180169,CL00280,Nómina,2024-10-05
AC00113,ES21642621181447266296,CL00245,Corriente,2024-08-24
AC00114,ES17811063563910104690,CL00164,Nómina,2023-11-27
AC00115,ES94146654834308877679,CL00412,Nómina,2024-09-03
AC00116,ES54697086276248927413,CL00440,Ahorro,2025-01-31
AC00117,ES85272035417441242599,CL00133,Corriente,2023-06-29
AC00118,ES93892351035120832230,CL00338,Nómina,2023-11-01
AC00119,ES22882886249692736886,CL01019,Corriente,2023-06-12
AC00120,ES65985472487342529184,CL00324,Corriente,2026-01-16
AC00121,ES10520541438519079049,CL01102,Corriente,2025-11-30
AC00122,ES45778387353035771963,CL00600,Nómina,2023-11-04
AC00123,ES90164947474893365088,CL00529,Ahorro,2023-12-26
AC00124,ES73387044744838495780,CL00641,Corriente,2025-09-28
AC00125,ES20683450756525035255,CL00117,Nómina,2023-07-11
AC00126,ES57621175855272291197,CL00934,Nómina,2024-10-20
AC00127,ES99681211957948006610,CL00374,Ahorro,2024-12-02
AC00128,ES73833940733780846878,CL00765,Ahorro,2023-03-29
AC00129,ES71465808779535061449,CL00280,Corriente,2023-03-10
AC00130,ES29167537273682283608,CL00494,Ahorro,2023-03-16
AC00131,ES37769614687401264137,CL00819,Ahorro,2025-11-25
AC00132,ES12929940748535566958,CL00395,Corriente,2023-09-23
AC00133,ES28986182930112681384,CL00303,Nómina,2023-06-27
AC00134,ES77537417472407694060,CL00073,Ahorro,2025-12-01
AC00135,ES87619418010312387763,CL00459,Corriente,2023-12-19
AC00136,ES12978412661820371729,CL00520,Corriente,2025-07-13
AC00137,ES54232369766841546685,CL01127,Corriente,2024-03-01
AC00138,ES96341317008019611920,CL00787,Corriente,2024-05-17
AC00139,ES67368310847687306940,CL00159,Nómina,2023-05-10
AC00140,ES57970829086912345064,CL00005,Corriente,2024-04-27
AC00141,ES18274595268867443671,CL00531,Ahorro,2023-06-26
AC00142,ES28205827255352766201,CL00027,Corriente,2024-11-26
AC00143,ES59506724706061252259,CL00337,Corriente,2023-12-13
AC00144,ES79588927242592522520,CL00393,Nómina,2025-07-05
AC00145,ES30430842868089731094,CL00867,Nómina,2025-04-28
AC00146,ES62358591159479214015,CL00461,Corriente,2024-01-14
AC00147,ES22653628169267101448,CL00279,Nómina,2024-04-18
AC00148,ES59231544016344639614,CL00508,Nómina,2026-01-10
AC00149,ES70930224438533767904,CL00907,Corriente,2025-02-16
AC00150,ES30215156417580722561,CL00992,Nómina,2025-05-10
AC00151,ES76449158282609958125,CL00827,Ahorro,2026-01-17
AC00152,ES22173970962368540378,CL00374,Nómina,2023-11-10
AC00153,ES79127134004887981240,CL00483,Corriente,2023-02-28
AC00154,ES87600834414944919976,CL00724,Nómina,2023-07-21
AC00155,ES23367714536217978790,CL01132,Corriente,2025-06-27
AC00156,ES97258087428490900216,CL00010,Ahorro,2025-12-29
AC00157,ES30350090951295119844,CL01149,Corriente,2026-01-12
AC00158,ES47252572058223619808,CL00711,Corriente,2023-05-23
AC00159,ES49382935193706861342,CL00542,Corriente,2025-09-18
AC00160,ES24180474428951510509,CL01081,Ahorro,2025-01-17
AC00161,ES71395484914657090972,CL00825,Corriente,2024-01-16
AC00162,ES65170320760588344981,CL00412,Corriente,2024-05-03
AC00163,ES48304032641395007130,CL00505,Corriente,2023-07-18
AC00164,ES47773236616734531518,CL00681,Corriente,2024-09-14
AC00165,ES37495236136633294616,CL00682,Corriente,2023-09-30
AC00166,ES27714759527533800979,CL01178,Corriente,2025-07-29
AC00167,ES81103713892018915184,CL00729,Ahorro,2023-05-14
AC00168,ES30915833163763977050,CL00867,Ahorro,2025-03-27
AC00169,ES88212095427855337995,CL00285,Ahorro,2025-01-22
AC00170,ES64263828641508845984,CL01021,Corriente,2024-12-12
AC00171,ES20853745374889729462,CL00924,Corriente,2024-03-31
AC00172,ES43967872950483431406,CL00254,Ahorro,2025-11-30
AC00173,ES96514435646781576472,CL00674,Corriente,2025-05-31
AC00174,ES23782935454404177357,CL00866,Corriente,2023-05-06
AC00175,ES65309625754322417484,CL01041,Ahorro,2024-02-02
AC00176,ES70579200649974160258,CL00615,Ahorro,2025-02-28
AC00177,ES19726449745020795233,CL00041,Corriente,2024-03-19
AC00178,ES33730578078904281815,CL00690,Nómina,2025-08-03
AC00179,ES29855694279439406072,CL01031,Corriente,2024-07-07
AC00180,ES92870466808926143901,CL01190,Ahorro,2024-02-25
AC00181,ES38206085350758532602,CL01105,Corriente,2023-05-17
AC00182,ES45457680671863849613,CL00333,Corriente,2024-08-15
AC00183,ES76738469766024120721,CL00077,Corriente,2023-03-05
AC00184,ES74910030843425400361,CL01191,Corriente,2024-12-09
AC00185,ES96530936556651669979,CL01190,Corriente,2023-12-20
AC00186,ES65820786510433940433,CL00175,Nómina,2023-12-11
AC00187,ES62739740238097967949,CL00787,Nómina,2023-02-06
AC00188,ES10606274858293412466,CL00288,Corriente,2023-08-12
AC00189,ES13613537113471692541,CL00573,Corriente,2023-12-20
AC00190,ES20964329960625756027,CL00271,Nómina,2025-05-26
AC00191,ES11934693363730015300,CL00156,Ahorro,2024-05-11
AC00192,ES48595672636081961982,CL00493,Ahorro,2023-10-22
AC00193,ES98653308222367321306,CL00581,Ahorro,2025-05-22
AC00194,ES48337244369976142563,CL01112,Corriente,2025-04-12
AC00195,ES26566814458784953865,CL00038,Nómina,2024-01-11
AC00196,ES90184624188311340995,CL00032,Corriente,2025-02-13
AC00197,ES69312776583623149705,CL00778,Ahorro,2023-04-14
AC00198,ES67133029465774213903,CL00473,Nómina,2024-04-08
AC00199,ES99182314443264719173,CL00923,Corriente,2024-01-10
AC00200,ES33749483804033884608,CL01147,Corriente,2024-01-04
AC00201,ES28459685574422704893,CL00733,Corriente,2023-03-21
AC00202,ES59190369093139072170,CL01026,Corriente,2023-03-16
AC00203,ES64139527719671046882,CL00424,Corriente,2024-07-08
AC00204,ES54513854877099017617,CL00828,Corriente,2023-02-14
AC00205,ES93703516583373249846,CL00242,Corriente,2025-08-04
AC00206,ES65202257488005177990,CL00335,Nómina,2025-09-24
AC00207,ES72600093752530643004,CL00529,Ahorro,2025-06-06
AC00208,ES36546573654357893794,CL00145,Ahorro,2025-02-20
AC00209,ES27431419866835210237,CL00899,Corriente,2025-12-23
AC00210,ES34358217736465639264,CL00595,Corriente,2025-01-07
AC00211,ES73522923062745341481,CL00736,Ahorro,2023-07-27
AC00212,ES12819562615934133504,CL00426,Ahorro,2025-08-25
AC00213,ES99401714994454626447,CL01078,Nómina,2025-09-22
AC00214,ES76185682347417694815,CL00188,Corriente,2023-04-05
AC00215,ES16921548824107338569,CL00405,Ahorro,2025-01-05
AC00216,ES71974578418677337201,CL00292,Corriente,2023-07-18
AC00217,ES45706904252837866270,CL00573,Ahorro,2023-06-18
AC00218,ES73194171699978434433,CL01134,Ahorro,2025-01-21
AC00219,ES56122384318736848987,CL00200,Ahorro,2023-10-03
AC00220,ES46500280667596734987,CL00166,Corriente,2023-08-25
AC00221,ES72766263736113369231,CL00833,Corriente,2023-12-03
AC00222,ES46479887095738481711,CL00027,Ahorro,2023-09-26
AC00223,ES80850973304067954253,CL00961,Corriente,2024-01-05
AC00224,ES49604451655353400489,CL00689,Nómina,2023-11-06
AC00225,ES26336315323721342923,CL01066,Nómina,2025-06-14
AC00226,ES94566823835647815763,CL01168,Corriente,2024-07-04
AC00227,ES97750976833260989866,CL00096,Corriente,2025-05-25
AC00228,ES14364958188947224742,CL00773,Ahorro,2026-01-16
AC00229,ES35635469926626732881,CL00029,Ahorro,2023-03-25
AC00230,ES85391241904229047824,CL00106,Ahorro,2024-05-30
AC00231,ES99227580057782681637,CL00723,Ahorro,2024-03-07
AC00232,ES63352723409105130002,CL00374,Ahorro,2024-09-01
AC00233,ES64486636325531623483,CL00735,Corriente,2024-04-28
AC00234,ES76506151586900645205,CL00866,Corriente,2023-03-04
AC00235,ES29318833820679978035,CL00986,Nómina,2024-08-04
AC00236,ES66321856646012000821,CL01110,Corriente,2025-03-30
AC00237,ES64843503427608242553,CL00972,Corriente,2023-10-08
AC00238,ES22913139522802589814,CL00581,Corriente,2023-10-05
AC00239,ES48329972455323272861,CL00656,Ahorro,2025-08-16
AC00240,ES79367908522578081642,CL00188,Corriente,2023-11-13
AC00241,ES23661979856052221700,CL01091,Corriente,2025-05-31
AC00242,ES21982870660433004692,CL00117,Corriente,2026-01-15
AC00243,ES40852605327314749033,CL00198,Corriente,2024-04-04
AC00244,ES35963343472003871622,CL00889,Corriente,2024-02-09
AC00245,ES22510140358159433620,CL00447,Corriente,2024-05-22
AC00246,ES33608983451305332192,CL00951,Nómina,2026-01-05
AC00247,ES53873069080262761695,CL00105,Corriente,2023-12-26
AC00248,ES34945730456002962818,CL00958,Corriente,2024-07-11
AC00249,ES58855023285604300897,CL00704,Corriente,2025-09-14
AC00250,ES49906423595364597418,CL00782,Corriente,2023-10-01
AC00251,ES68523876327037643770,CL00719,Nómina,2025-12-25
AC00252,ES95192072372608801792,CL00375,Corriente,2025-01-03
AC00253,ES13621661396362960357,CL00812,Corriente,2023-11-23
AC00254,ES55520370124739260950,CL00808,Corriente,2023-06-22
AC00255,ES23731068273058779324,CL00414,Corriente,2024-01-05
AC00256,ES40247323832125737458,CL01009,Nómina,2025-07-08
AC00257,ES78660586335812432271,CL00564,Ahorro,2023-09-22
AC00258,ES32882532445470552761,CL00479,Ahorro,2024-11-11
AC00259,ES39228389456934831136,CL00468,Ahorro,2024-11-19
AC00260,ES70612440324450096809,CL00986,Nómina,2024-11-01
AC00261,ES59537301161854914454,CL00968,Corriente,2025-02-23
AC00262,ES53125626931339759339,CL00764,Corriente,2025-05-21
AC00263,ES55538858597147551780,CL00876,Nómina,2025-04-23
AC00264,ES14960884393750331169,CL00669,Nómina,2025-01-12
AC00265,ES51432219115038605051,CL00870,Corriente,2025-09-03
AC00266,ES37494629601695139721,CL01111,Corriente,2026-01-29
AC00267,ES74974086112730104086,CL01106,Corriente,2025-03-04
AC00268,ES15899252909896281859,CL00134,Ahorro,2025-09-04
AC00269,ES70591343847767451903,CL00277,Corriente,2025-04-07
AC00270,ES78534624055209061980,CL00557,Corriente,2023-12-04
AC00271,ES66726961521117887112,CL00679,Corriente,2024-03-22
AC00272,ES95471561884703754905,CL00959,Corriente,2025-06-16
AC00273,ES66256020478970569991,CL00094,Corriente,2024-03-25
AC00274,ES13858886642749239580,CL00203,Nómina,2024-06-13
AC00275,ES55725753256208824469,CL00239,Corriente,2023-12-24
AC00276,ES36158769987170083430,CL00069,Corriente,2024-09-20
AC00277,ES92371675273911508422,CL00351,Corriente,2023-02-18
AC00278,ES46964900031149112694,CL01171,Corriente,2024-03-17
AC00279,ES81926417466407229608,CL00991,Corriente,2025-03-15
AC00280,ES32999562718991364314,CL00091,Corriente,2023-12-30
AC00281,ES68339089744286678989,CL01059,Ahorro,2024-09-28
AC00282,ES11769132671309818219,CL01180,Corriente,2025-03-21
AC00283,ES17597271235253526222,CL01141,Nómina,2023-02-08
AC00284,ES32116304295682199663,CL00134,Ahorro,2025-10-22
AC00285,ES88870431501229469500,CL01174,Corriente,2025-08-03
AC00286,ES20119702178041124588,CL00828,Nómina,2024-09-05
AC00287,ES28823183572616739088,CL00743,Corriente,2024-02-24
AC00288,ES87313080467738573415,CL01088,Ahorro,2024-08-17
AC00289,ES40963235555420873800,CL00463,Corriente,2024-11-16
AC00290,ES15342269656100090568,CL00681,Nómina,2023-12-28
AC00291,ES71160981348099975124,CL00956,Corriente,2023-08-27
AC00292,ES73109330646878555709,CL00841,Corriente,2026-01-24
AC00293,ES34284354580969002727,CL00678,Ahorro,2025-09-16
AC00294,ES30306267466396784574,CL00904,Ahorro,2024-12-29
AC00295,ES43348802368547140924,CL00628,Corriente,2026-01-21
AC00296,ES32531750485230764724,CL00960,Nómina,2024-01-04
AC00297,ES10418181858125949281,CL00532,Corriente,2023-10-05
AC00298,ES17219998891916119591,CL00100,Nómina,2024-12-26
AC00299,ES69684069476751170231,CL00663,Nómina,2023-02-06
AC00300,ES10756076955841941751,CL00912,Ahorro,2025-11-09
AC00301,ES45876071478085869360,CL00252,Nómina,2025-08-08
AC00302,ES80524005420107082111,CL00104,Ahorro,2023-08-05
AC00303,ES27289867484583030215,CL00660,Ahorro,2023-12-17
AC00304,ES45569142368262265088,CL00415,Corriente,2024-04-30
AC00305,ES57623862351982837245,CL00171,Ahorro,2023-03-14
AC00306,ES20703380668770487259,CL00793,Nómina,2023-07-25
AC00307,ES72428578705962543704,CL00923,Corriente,2024-11-16
AC00308,ES40495010414789244817,CL01178,Ahorro,2025-12-05
AC00309,ES72881188809912736151,CL00658,Nómina,2024-07-25
AC00310,ES60501904232146611530,CL00121,Corriente,2023-11-07
AC00311,ES17283008762420672107,CL00381,Nómina,2025-04-01
AC00312,ES71305005671000595168,CL01026,Ahorro,2025-05-04
AC00313,ES76482237943310852386,CL00008,Nómina,2024-08-30
AC00314,ES65304575014971550809,CL00321,Ahorro,2023-06-07
AC00315,ES42147513275875124330,CL01162,Ahorro,2023-09-14
AC00316,ES66299012708632570798,CL00693,Corriente,2025-05-28
AC00317,ES65234329509438027625,CL00789,Corriente,2025-03-20
AC00318,ES29969909868836050437,CL00266,Ahorro,2024-11-06
AC00319,ES14803978188355498375,CL00736,Ahorro,2023-02-21
AC00320,ES24436086215601187590,CL01173,Ahorro,2024-11-04
AC00321,ES14991673042699655193,CL01002,Corriente,2023-06-30
AC00322,ES60773913264236044160,CL00418,Corriente,2023-08-03
AC00323,ES69893400505667276922,CL00667,Corriente,2023-03-29
AC00324,ES76358990135455954012,CL00885,Corriente,2026-01-20
AC00325,ES93791288508729910973,CL00258,Corriente,2025-10-12
AC00326,ES10680408648425461884,CL00339,Corriente,2023-12-20
AC00327,ES95173456344989263859,CL00250,Corriente,2023-04-21
AC00328,ES43467251015204548164,CL00797,Corriente,2024-03-28
AC00329,ES84188500601156395455,CL00989,Corriente,2024-10-30
AC00330,ES84357876039071146185,CL00417,Ahorro,2024-03-01
AC00331,ES22958052785963685622,CL00334,Nómina,2024-03-04
AC00332,ES79946584515685549532,CL00888,Corriente,2025-01-02
AC00333,ES53978221390400053488,CL00026,Corriente,2024-02-24
AC00334,ES21718620316235121034,CL01173,Corriente,2025-06-29
AC00335,ES94969314907213373226,CL00295,Corriente,2023-08-02
AC00336,ES61393584132169422238,CL00774,Ahorro,2023-11-18
AC00337,ES41237139930627913628,CL00343,Ahorro,2024-12-18
AC00338,ES10921084794168983171,CL00983,Corriente,2024-10-20
AC00339,ES73464855914363980732,CL01194,Corriente,2025-05-28
AC00340,ES25461459463658595734,CL00806,Corriente,2026-01-23
AC00341,ES19937051871166445262,CL00621,Ahorro,2024-05-25
AC00342,ES38573678543433505285,CL00827,Corriente,2024-01-09
AC00343,ES61757241959403826286,CL00525,Corriente,2024-07-13
AC00344,ES39982188529908828503,CL01068,Ahorro,2024-11-23
AC00345,ES82328389433493224590,CL01107,Ahorro,2023-06-10
AC00346,ES80753834842109217081,CL00087,Corriente,2024-03-16
AC00347,ES31717850592448511212,CL01028,Corriente,2024-03-21
AC00348,ES82168809701455320632,CL00355,Ahorro,2024-03-08
AC00349,ES78993809227436089811,CL01163,Ahorro,2024-11-06
AC00350,ES44562985917748508893,CL01200,Ahorro,2025-04-15
AC00351,ES52711448673233632821,CL00883,Corriente,2025-07-11
AC00352,ES55794494519764518218,CL00255,Corriente,2025-10-24
AC00353,ES26897223759239758819,CL00621,Corriente,2025-10-30
AC00354,ES53123479812250049216,CL00615,Nómina,2025-05-12
AC00355,ES24514284514129633606,CL00682,Corriente,2024-08-16
AC00356,ES63125984499275353324,CL01105,Corriente,2023-12-07
AC00357,ES57125280023332161752,CL00529,Ahorro,2025-01-31
AC00358,ES57236187342404550204,CL00435,Corriente,2023-05-14
AC00359,ES33408350114191935896,CL00790,Nómina,2025-11-21
AC00360,ES30116968952022018266,CL00855,Corriente,2025-03-06
AC00361,ES55170239398335951514,CL00023,Corriente,2023-05-30
AC00362,ES82347946115058898020,CL00133,Nómina,2025-05-04
AC00363,ES96678946447796446628,CL00897,Corriente,2025-07-30
AC00364,ES82157563050159705217,CL00745,Ahorro,2025-10-21
AC00365,ES37858604407295211993,CL01036,Corriente,2023-02-11
AC00366,ES59142960598186928859,CL00913,Corriente,2024-08-28
AC00367,ES79444693157445463102,CL00519,Nómina,2025-03-11
AC00368,ES53496363621817456374,CL00621,Ahorro,2025-10-13
AC00369,ES84935580078102020954,CL00559,Nómina,2025-09-08
AC00370,ES65150122562532277923,CL00630,Corriente,2025-05-14
AC00371,ES40356180006414012150,CL00465,Corriente,2023-12-05
AC00372,ES66255930890286052158,CL01008,Corriente,2025-11-17
AC00373,ES60349625056434681942,CL00932,Corriente,2024-10-23
AC00374,ES65866663634866834259,CL00179,Corriente,2025-01-22
AC00375,ES39837084377447719676,CL00501,Corriente,2025-12-31
AC00376,ES56127559580602975978,CL00209,Corriente,2025-02-17
AC00377,ES41165574720184727021,CL00513,Nómina,2023-09-12
AC00378,ES32744577669793785976,CL01194,Corriente,2023-11-20
AC00379,ES39187875853346885162,CL00476,Nómina,2025-12-20
AC00380,ES13889448957311633038,CL01173,Corriente,2023-09-05
AC00381,ES10762192881411681068,CL00642,Ahorro,2024-05-26
AC00382,ES39868777508822851475,CL01072,Corriente,2024-07-22
AC00383,ES69622335136713177676,CL00754,Corriente,2024-07-19
AC00384,ES61326566544504868844,CL00988,Corriente,2025-10-15
AC00385,ES37651660925778588466,CL00632,Corriente,2023-03-22
AC00386,ES83207859437985100314,CL00375,Corriente,2024-12-16
AC00387,ES32625484958117583765,CL00434,Ahorro,2024-08-19
AC00388,ES19303809564539773971,CL00473,Corriente,2023-03-12
AC00389,ES95412169254917063992,CL00207,Corriente,2025-10-12
AC00390,ES35470452368395984993,CL00129,Nómina,2024-11-24
AC00391,ES32105701615435419810,CL01041,Nómina,2025-12-29
AC00392,ES73954183874225675453,CL00442,Ahorro,2025-09-10
AC00393,ES24253703857942483088,CL00196,Corriente,2025-05-20
AC00394,ES68978019709208339919,CL00113,Corriente,2025-09-17
AC00395,ES13436649020426312168,CL00560,Corriente,2025-07-14
AC00396,ES49899030934763989576,CL00260,Corriente,2025-08-20
AC00397,ES85805750016927934085,CL00427,Corriente,2025-06-22
AC00398,ES48695061151513740191,CL00031,Corriente,2024-04-30
AC00399,ES61326472972809741838,CL00606,Corriente,2025-02-21
AC00400,ES47262892374358340931,CL00738,Corriente,2024-08-17
AC00401,ES69586006659195757801,CL00430,Nómina,2025-08-27
AC00402,ES15919736897762415827,CL00383,Corriente,2024-06-24
AC00403,ES88128655164510559289,CL00816,Ahorro,2024-08-23
AC00404,ES32137119711992772882,CL01095,Corriente,2023-12-04
AC00405,ES74910831235071598820,CL01147,Ahorro,2023-08-13
AC00406,ES99159494819332774545,CL00331,Corriente,2025-11-18
AC00407,ES97867377717701690928,CL00832,Corriente,2024-03-16
AC00408,ES49729974114688283658,CL01165,Corriente,2023-07-04
AC00409,ES97196551886292459950,CL00002,Nómina,2024-09-12
AC00410,ES26925673192159657607,CL00955,Corriente,2023-08-18
AC00411,ES97229817999589322903,CL00007,Corriente,2025-07-02
AC00412,ES68974915396733155601,CL00355,Nómina,2024-02-09
AC00413,ES48756057258178525708,CL00696,Ahorro,2026-01-06
AC00414,ES59773587577622034734,CL00669,Nómina,2025-11-13
AC00415,ES68186187517802524452,CL00471,Corriente,2023-04-07
AC00416,ES83987885422981843874,CL00140,Nómina,2026-01-03
AC00417,ES67375571463496913910,CL00005,Corriente,2023-04-02
AC00418,ES48546662134929159820,CL01099,Corriente,2024-01-10
AC00419,ES62820934320769410333,CL00977,Ahorro,2023-05-16
AC00420,ES29350962840595667438,CL00200,Ahorro,2024-03-06
AC00421,ES52220016960340002631,CL00436,Corriente,2023-05-14
AC00422,ES47731537851684660446,CL00814,Nómina,2023-09-12
AC00423,ES35147459791896332511,CL01045,Corriente,2025-02-19
AC00424,ES33800425190752129072,CL00132,Corriente,2025-10-16
AC00425,ES31687925864931281269,CL00675,Corriente,2024-08-25
AC00426,ES81571412938876460161,CL01045,Nómina,2025-03-17
AC00427,ES89338578613809112394,CL01154,Corriente,2024-01-08
AC00428,ES53654157915112126853,CL00778,Corriente,2025-08-27
AC00429,ES87338026880154177738,CL00355,Corriente,2024-07-29
AC00430,ES89169184778780849191,CL00158,Nómina,2025-10-16
AC00431,ES41430569345257983655,CL00735,Corriente,2025-11-24
AC00432,ES44940335301572598509,CL00259,Corriente,2025-11-06
AC00433,ES49121160117897867503,CL00296,Corriente,2025-02-05
AC00434,ES57317574714964446276,CL00848,Nómina,2025-10-12
AC00435,ES64139037407569580278,CL00266,Corriente,2024-02-13
AC00436,ES25448883703939489730,CL00720,Nómina,2024-07-13
AC00437,ES57725766055474978030,CL00019,Corriente,2025-04-19
AC00438,ES67791112689541051494,CL00170,Ahorro,2024-09-28
AC00439,ES13562197385413116226,CL00278,Corriente,2023-11-15
AC00440,ES30735467234639405004,CL00923,Corriente,2025-05-18
AC00441,ES27562127851607018917,CL01072,Corriente,2024-11-05
AC00442,ES79105366912209586573,CL00179,Corriente,2025-06-26
AC00443,ES73590336877246164188,CL00218,Corriente,2024-06-14
AC00444,ES28619680137293026546,CL00570,Corriente,2023-04-29
AC00445,ES51148917789826756709,CL01110,Corriente,2025-11-20
AC00446,ES38984331811433958793,CL00052,Corriente,2024-02-20
AC00447,ES49926848637207989253,CL00516,Corriente,2025-03-11
AC00448,ES72950151910144302779,CL00436,Corriente,2023-03-11
AC00449,ES74533628192683931355,CL00817,Nómina,2024-11-19
AC00450,ES16945684568986418016,CL00197,Nómina,2024-05-18
AC00451,ES46675668412959132257,CL01023,Corriente,2025-03-06
AC00452,ES25801840126660227364,CL00576,Nómina,2023-03-19
AC00453,ES27925080194858745483,CL00913,Ahorro,2023-07-21
AC00454,ES57299416100388256705,CL00918,Ahorro,2024-12-23
AC00455,ES27130852292226425576,CL00547,Corriente,2023-05-11
AC00456,ES64491760058751119432,CL00657,Nómina,2023-08-29
AC00457,ES84463193984896602435,CL00178,Ahorro,2023-05-25
AC00458,ES58303883371465603564,CL00057,Nómina,2023-06-09
AC00459,ES75745153659740687965,CL00023,Corriente,2023-02-03
AC00460,ES52963784819115460328,CL00998,Corriente,2023-05-03
AC00461,ES18487180321871218787,CL01044,Corriente,2025-08-04
AC00462,ES34176240323186258543,CL00625,Corriente,2024-03-06
AC00463,ES65483907061977624625,CL00328,Nómina,2024-12-30
AC00464,ES71329309159008569405,CL00048,Ahorro,2024-01-12
AC00465,ES81464777252472168070,CL00549,Nómina,2024-09-08
AC00466,ES12798695398291391720,CL00772,Corriente,2024-12-26
AC00467,ES90303334887342081140,CL00934,Nómina,2025-06-07
AC00468,ES21728154817387167183,CL01086,Corriente,2025-03-17
AC00469,ES70222969934120741540,CL00638,Ahorro,2025-04-05
AC00470,ES40173822972860699383,CL00025,Nómina,2024-05-12
AC00471,ES21426117924166956708,CL00611,Corriente,2023-07-30
AC00472,ES49477499217768108040,CL00153,Nómina,2024-12-05
AC00473,ES75996063188158570985,CL00498,Nómina,2024-01-05
AC00474,ES45408483604055732850,CL00728,Corriente,2025-09-17
AC00475,ES25732500404584887266,CL00027,Corriente,2024-04-03
AC00476,ES95934441291478938093,CL01164,Corriente,2025-05-04
AC00477,ES63278315889122499818,CL00520,Corriente,2023-07-08
AC00478,ES93263418631821855852,CL01093,Corriente,2024-01-15
AC00479,ES78740228429739024711,CL00087,Ahorro,2025-08-11
AC00480,ES40859532155859759745,CL00158,Nómina,2025-04-18
AC00481,ES40859492202514968651,CL01109,Corriente,2023-03-16
AC00482,ES70445853249443986657,CL00759,Corriente,2024-04-16
AC00483,ES43476806932597081358,CL00976,Nómina,2023-08-31
AC00484,ES55662079768830352410,CL00251,Ahorro,2025-11-19
AC00485,ES78122724097445692504,CL01162,Nómina,2023-09-27
AC00486,ES90817953091344259429,CL00114,Corriente,2023-12-07
AC00487,ES16352254158405159870,CL01013,Nómina,2025-01-04
AC00488,ES86943700827944346593,CL00576,Corriente,2023-05-20
AC00489,ES59707123706637956493,CL00928,Corriente,2023-08-13
AC00490,ES19588159710854786748,CL00879,Corriente,2025-09-26
AC00491,ES42501338480209343033,CL00687,Corriente,2024-03-18
AC00492,ES10671054503304881563,CL00812,Corriente,2024-09-06
AC00493,ES41771168362931210907,CL00610,Ahorro,2025-08-10
AC00494,ES81335420402688756201,CL00421,Corriente,2023-11-14
AC00495,ES49363727552601484531,CL00987,Corriente,2024-03-10
AC00496,ES26191670861372867210,CL00484,Corriente,2023-04-22
AC00497,ES37178814622331041796,CL01171,Corriente,2025-03-04
AC00498,ES68513934529465142183,CL00486,Nómina,2023-09-30
AC00499,ES88920541773526985321,CL01138,Corriente,2024-03-19
AC00500,ES89884008279935474972,CL00620,Corriente,2024-09-01
AC00501,ES62229095252407226270,CL00215,Corriente,2025-08-02
AC00502,ES39244509192640626782,CL00013,Nómina,2024-05-08
AC00503,ES53471017914536510660,CL00329,Nómina,2024-08-23
AC00504,ES55923774035220427214,CL00410,Ahorro,2025-02-26
AC00505,ES17490189829041445409,CL00294,Corriente,2024-01-20
AC00506,ES31134290509565266930,CL00948,Corriente,2025-12-28
AC00507,ES24335221779963602826,CL00541,Nómina,2023-06-02
AC00508,ES18667766852890148765,CL01116,Nómina,2023-05-21
AC00509,ES39994071572934260174,CL01018,Corriente,2024-11-15
AC00510,ES58134229971064124927,CL00980,Corriente,2023-09-17
AC00511,ES65940807834556525014,CL00609,Nómina,2025-05-30
AC00512,ES29116881707055996166,CL01091,Nómina,2025-07-29
AC00513,ES93462483108163931880,CL00127,Corriente,2025-11-14
AC00514,ES94325652125935596923,CL00573,Nómina,2023-05-21
AC00515,ES29369390985346467411,CL00203,Corriente,2023-09-07
AC00516,ES41986423996725589898,CL01111,Ahorro,2024-07-14
AC00517,ES32824418751582571893,CL00579,Corriente,2024-09-14
AC00518,ES98198597161346673681,CL01061,Ahorro,2025-06-17
AC00519,ES36169793080489132434,CL00453,Corriente,2025-10-11
AC00520,ES71518260665551306210,CL00006,Ahorro,2025-12-31
AC00521,ES73761273839400880050,CL00808,Corriente,2024-02-24
AC00522,ES48183465730533548883,CL00176,Ahorro,2024-06-17
AC00523,ES37777086480422949848,CL00017,Nómina,2023-12-05
AC00524,ES96552585997687417970,CL00307,Corriente,2025-07-20
AC00525,ES14601573998561795288,CL00331,Ahorro,2024-03-10
AC00526,ES17635944429727079871,CL01114,Ahorro,2025-05-22
AC00527,ES38245623889198039267,CL00467,Ahorro,2024-02-17
AC00528,ES23823299510031137345,CL00892,Corriente,2024-07-20
AC00529,ES98134709763264063999,CL00282,Corriente,2023-10-31
AC00530,ES49447669109541792407,CL00885,Corriente,2024-10-02
AC00531,ES26704745840746751557,CL00738,Corriente,2023-03-27
AC00532,ES59228336293289265368,CL00763,Corriente,2024-02-12
AC00533,ES11720087064804176392,CL00156,Ahorro,2024-09-24
AC00534,ES64444028077723111115,CL00798,Corriente,2025-08-19
AC00535,ES95176820742207642901,CL00741,Ahorro,2024-01-06
AC00536,ES77526707002369390748,CL00436,Ahorro,2024-12-16
AC00537,ES82177242425423447157,CL00741,Nómina,2024-02-23
AC00538,ES89773275484291355051,CL00187,Corriente,2025-05-28
AC00539,ES61306324993311687557,CL00974,Ahorro,2023-03-27
AC00540,ES48642892160209126710,CL00698,Nómina,2024-12-14
AC00541,ES91978910237223802836,CL00085,Nómina,2025-07-13
AC00542,ES66871252566342262973,CL00910,Corriente,2025-08-13
AC00543,ES32474273437582465412,CL00113,Ahorro,2025-11-01
AC00544,ES64346811631820460792,CL00371,Corriente,2025-05-21
AC00545,ES62896245071261820236,CL00110,Nómina,2023-10-13
AC00546,ES16887002406329966532,CL00557,Corriente,2023-11-28
AC00547,ES20663838649469630708,CL00294,Nómina,2023-11-24
AC00548,ES27676235503208791040,CL00996,Corriente,2025-10-15
AC00549,ES64800009629866239729,CL00736,Corriente,2025-07-19
AC00550,ES37448349202681217541,CL01121,Ahorro,2025-11-19
AC00551,ES37686793032297376246,CL00183,Corriente,2024-10-31
AC00552,ES46972896499296031762,CL00740,Ahorro,2024-04-12
AC00553,ES75131254755733805081,CL00555,Nómina,2023-02-02
AC00554,ES20125096455492351086,CL00203,Corriente,2025-11-16
AC00555,ES70877206874433789126,CL00350,Corriente,2025-07-08
AC00556,ES34687622313902399597,CL01023,Ahorro,2024-01-14
AC00557,ES71655169954136072393,CL00199,Ahorro,2025-02-21
AC00558,ES79959887321029889177,CL01041,Corriente,2023-07-25
AC00559,ES40800834802211403587,CL00021,Nómina,2024-05-30
AC00560,ES62655920534167075207,CL00069,Ahorro,2023-02-15
AC00561,ES34396246978062646698,CL00220,Corriente,2025-12-18
AC00562,ES85549793654922513443,CL00562,Nómina,2023-10-03
AC00563,ES95592404677296822853,CL00535,Nómina,2024-03-06
AC00564,ES60665877056181505135,CL01084,Corriente,2024-09-07
AC00565,ES48882854290941023349,CL01063,Ahorro,2023-11-13
AC00566,ES79551694959158404158,CL00436,Nómina,2024-12-20
AC00567,ES59150289751192348521,CL00491,Corriente,2026-01-01
AC00568,ES94654832635233425546,CL00970,Corriente,2025-06-07
AC00569,ES76797490953381680335,CL00623,Corriente,2024-09-11
AC00570,ES47119819930204561817,CL00950,Corriente,2024-11-03
AC00571,ES43223652551271857118,CL00184,Ahorro,2026-01-08
AC00572,ES25194921705291819756,CL01096,Corriente,2025-12-07
AC00573,ES75189142452192588476,CL00297,Nómina,2025-07-11
AC00574,ES82746903813588320942,CL00555,Corriente,2025-05-29
AC00575,ES40946801228525197759,CL00553,Nómina,2025-10-05
AC00576,ES77457724048048371705,CL00858,Corriente,2024-04-04
AC00577,ES25183830881117119318,CL00819,Corriente,2023-03-30
AC00578,ES28466296483343921571,CL00576,Ahorro,2023-04-21
AC00579,ES80697302626879671948,CL00482,Ahorro,2025-12-23
AC00580,ES78324692102976993107,CL00934,Nómina,2023-08-23
AC00581,ES88305446713238674449,CL00891,Ahorro,2024-12-21
AC00582,ES56864917845316274883,CL00721,Nómina,2025-03-01
AC00583,ES22240709170627002850,CL00167,Corriente,2026-01-05
AC00584,ES74339269312334760979,CL00212,Corriente,2025-06-01
AC00585,ES21816503211921949772,CL01126,Nómina,2023-09-23
AC00586,ES95414399434034968417,CL00144,Nómina,2025-09-06
AC00587,ES24627014487838492555,CL00238,Nómina,2024-06-29
AC00588,ES38912333356500302588,CL01183,Ahorro,2026-01-05
AC00589,ES16911953746087363202,CL00478,Corriente,2025-04-24
AC00590,ES45735573579634736088,CL00773,Corriente,2024-03-03
AC00591,ES94647657942170640423,CL00924,Corriente,2024-05-11
AC00592,ES53400745767316614785,CL00724,Nómina,2025-03-11
AC00593,ES44304645393779369540,CL01123,Corriente,2025-06-07
AC00594,ES13761434215039252064,CL00333,Corriente,2025-07-18
AC00595,ES21569237692587780162,CL00479,Corriente,2024-04-20
AC00596,ES79927152794763964199,CL00457,Corriente,2023-12-24
AC00597,ES56247869407757506138,CL00613,Corriente,2025-05-19
AC00598,ES88188100505760308046,CL01062,Corriente,2024-06-13
AC00599,ES32417805480443052941,CL01199,Corriente,2024-03-24
AC00600,ES11159350062699720863,CL00307,Nómina,2024-04-04
AC00601,ES76754592777240101596,CL00761,Ahorro,2025-12-25
AC00602,ES35104674779779497088,CL01016,Ahorro,2023-02-12
AC00603,ES65974232646081983272,CL00877,Corriente,2024-06-15
AC00604,ES73329100951215442661,CL00074,Corriente,2025-01-04
AC00605,ES55634559987935010026,CL00955,Corriente,2023-10-17
AC00606,ES22366425579574661937,CL00304,Corriente,2025-03-22
AC00607,ES67100957510107976303,CL00281,Ahorro,2023-09-05
AC00608,ES93482923313070486630,CL00349,Corriente,2023-03-24
AC00609,ES44639056827718836879,CL00663,Nómina,2023-02-22
AC00610,ES27597677370516905539,CL00372,Ahorro,2025-11-17
AC00611,ES45485224342153252857,CL00351,Corriente,2023-04-25
AC00612,ES56526141588465474464,CL00297,Corriente,2023-11-10
AC00613,ES23562018222585003574,CL00615,Corriente,2025-05-13
AC00614,ES30835792512072855379,CL00796,Nómina,2025-07-21
AC00615,ES39745399811420063140,CL00403,Nómina,2025-10-24
AC00616,ES32111097011097867708,CL00549,Ahorro,2025-04-19
AC00617,ES23116084565972757189,CL00925,Ahorro,2024-01-10
AC00618,ES74475950321359515606,CL00994,Corriente,2023-12-24
AC00619,ES49849498294569745884,CL00842,Nómina,2024-09-14
AC00620,ES91693344902308086283,CL01002,Corriente,2025-05-08
AC00621,ES84218136131074875403,CL01040,Corriente,2024-07-25
AC00622,ES58531165609768697183,CL00803,Corriente,2023-11-16
AC00623,ES31914625602958191123,CL00068,Nómina,2025-03-31
AC00624,ES93975968487558088646,CL00304,Corriente,2025-04-24
AC00625,ES60289545380218024635,CL00913,Corriente,2023-12-25
AC00626,ES96169446950625775655,CL01004,Ahorro,2025-09-28
AC00627,ES82691876099342756497,CL00853,Nómina,2024-01-19
AC00628,ES70537834963460782398,CL00739,Corriente,2024-10-31
AC00629,ES83381047961409565844,CL00621,Nómina,2023-04-16
AC00630,ES69581993120654160098,CL01174,Ahorro,2024-04-15
AC00631,ES18246562188908570023,CL00677,Corriente,2024-07-18
AC00632,ES73134207946383133029,CL00681,Corriente,2025-05-20
AC00633,ES68193703909005307778,CL00725,Corriente,2025-03-07
AC00634,ES85683139116027415165,CL00747,Nómina,2024-07-16
AC00635,ES36137705799069773994,CL00856,Corriente,2023-03-03
AC00636,ES28401582669396987092,CL00433,Corriente,2023-09-06
AC00637,ES43221164650471474483,CL01139,Nómina,2023-09-27
AC00638,ES39519203078235224124,CL00566,Corriente,2023-08-23
AC00639,ES37259854594883826925,CL00996,Ahorro,2024-08-20
AC00640,ES28264294791490767386,CL00199,Corriente,2025-09-30
AC00641,ES77224884153289158925,CL00413,Ahorro,2024-08-29
AC00642,ES40783216428132182331,CL00197,Corriente,2024-04-07
AC00643,ES71338478346669487632,CL00638,Nómina,2023-02-06
AC00644,ES52224867504635130827,CL00326,Corriente,2023-10-09
AC00645,ES83419243777393786967,CL00621,Nómina,2025-12-03
AC00646,ES77438901984979201208,CL00077,Corriente,2023-02-02
AC00647,ES63869215432860956925,CL00949,Nómina,2023-04-15
AC00648,ES59941287076946069793,CL00180,Corriente,2024-11-08
AC00649,ES21942729570118421963,CL00248,Corriente,2023-12-27
AC00650,ES69463982074561874922,CL00035,Nómina,2025-12-25
AC00651,ES12457472198582783208,CL00491,Nómina,2025-04-30
AC00652,ES56154216205425940275,CL00040,Ahorro,2025-07-13
AC00653,ES20118974404810357387,CL00936,Corriente,2024-11-30
AC00654,ES39173188885181603572,CL00950,Corriente,2025-08-30
AC00655,ES96802641990598884653,CL00640,Nómina,2024-06-24
AC00656,ES86241482895029225864,CL01060,Ahorro,2024-12-02
AC00657,ES34674272139704196398,CL00243,Ahorro,2025-05-30
AC00658,ES82113619191809396826,CL00191,Nómina,2023-08-07
AC00659,ES42730339560605815794,CL00722,Corriente,2023-03-05
AC00660,ES12325538610555861050,CL00847,Nómina,2024-01-10
AC00661,ES85546290722357101537,CL00668,Corriente,2024-03-25
AC00662,ES31385546535931716114,CL00337,Corriente,2024-02-12
AC00663,ES99982738800231246359,CL00807,Corriente,2024-07-16
AC00664,ES47912399444384765659,CL00204,Corriente,2025-07-05
AC00665,ES79606292880242887206,CL00190,Corriente,2025-11-06
AC00666,ES46539185871354808464,CL00624,Corriente,2023-07-09
AC00667,ES43203299216483850988,CL00098,Ahorro,2025-01-15
AC00668,ES43536133236530714806,CL00169,Corriente,2023-12-13
AC00669,ES54866454974949550637,CL00774,Nómina,2025-06-18
AC00670,ES48822500096771492337,CL00231,Corriente,2024-03-16
AC00671,ES60560510835160088873,CL00366,Corriente,2025-07-27
AC00672,ES16792318148031289033,CL00470,Corriente,2025-10-21
AC00673,ES98604003363199382443,CL01051,Nómina,2023-04-26
AC00674,ES67388755956054981212,CL00675,Corriente,2024-06-26
AC00675,ES23585636715018196767,CL01043,Nómina,2025-07-05
AC00676,ES59314017484114868748,CL00141,Corriente,2025-04-14
AC00677,ES89792559028124142497,CL00336,Corriente,2025-05-03
AC00678,ES88617001924195047404,CL00080,Nómina,2024-05-15
AC00679,ES73702461454299807103,CL00256,Corriente,2025-07-12
AC00680,ES63981747356456774554,CL00684,Nómina,2023-12-27
AC00681,ES66434504698054694117,CL00155,Corriente,2023-12-27
AC00682,ES62610519727653979221,CL00686,Corriente,2025-06-25
AC00683,ES51794420136367987238,CL00459,Corriente,2025-02-01
AC00684,ES14968330720294734499,CL00148,Nómina,2024-03-15
AC00685,ES68653490989873646462,CL00441,Corriente,2025-09-01
AC00686,ES45272388198710107879,CL00045,Ahorro,2025-04-10
AC00687,ES75621607651021328149,CL01064,Ahorro,2024-02-03
AC00688,ES29859734077411534660,CL00754,Ahorro,2023-03-05
AC00689,ES11425008061463116356,CL00766,Corriente,2025-05-25
AC00690,ES20266454200970372052,CL00355,Ahorro,2024-01-17
AC00691,ES39719995389516599460,CL01009,Ahorro,2023-11-04
AC00692,ES68192745164964241470,CL00936,Ahorro,2023-05-21
AC00693,ES99937320950379391773,CL00859,Corriente,2024-01-19
AC00694,ES53575857843979190366,CL01135,Corriente,2023-12-17
AC00695,ES67837561930738514264,CL00739,Corriente,2023-10-20
AC00696,ES44590747838955540129,CL00032,Corriente,2025-04-10
AC00697,ES67378657773437477590,CL00044,Corriente,2024-11-01
AC00698,ES75226815198950913470,CL00955,Corriente,2025-12-17
AC00699,ES72573283495023968013,CL00438,Corriente,2024-09-22
AC00700,ES64729787102895379156,CL00826,Nómina,2024-06-22
AC00701,ES72427224871850519873,CL01134,Nómina,2023-07-06
AC00702,ES25981103348856002373,CL01104,Corriente,2025-08-05
AC00703,ES24372674744836351113,CL00442,Corriente,2024-08-10
AC00704,ES45297990789995616033,CL00260,Nómina,2024-05-21
AC00705,ES28812936219136074731,CL00501,Corriente,2023-09-07
AC00706,ES19475996509732834957,CL00101,Corriente,2025-04-13
AC00707,ES97444566123085969238,CL00128,Ahorro,2026-01-08
AC00708,ES20255491054093868380,CL01053,Corriente,2025-03-20
AC00709,ES78349389663380942621,CL01199,Corriente,2024-01-30
AC00710,ES80493642512180279814,CL00539,Nómina,2025-06-19
AC00711,ES39954222611174885908,CL01042,Nómina,2025-10-26
AC00712,ES18482173926545076190,CL01028,Nómina,2023-05-17
AC00713,ES36360628003982528654,CL00651,Corriente,2023-12-04
AC00714,ES46317639677854345078,CL00048,Corriente,2024-05-18
AC00715,ES96153137943697062780,CL00190,Nómina,2025-02-22
AC00716,ES76169145022744412514,CL00231,Ahorro,2025-05-21
AC00717,ES83543620039892834091,CL00779,Corriente,2025-05-03
AC00718,ES95173826842659721474,CL01094,Ahorro,2025-01-04
AC00719,ES30853715385646338533,CL00101,Corriente,2023-07-02
AC00720,ES68457271187078647213,CL01034,Nómina,2024-05-18
AC00721,ES88142747587404171496,CL00376,Nómina,2024-09-27
AC00722,ES20983715469050281780,CL00746,Corriente,2023-03-19
AC00723,ES82223731317315006000,CL00401,Ahorro,2024-06-18
AC00724,ES15967897581261001573,CL00845,Corriente,2023-05-25
AC00725,ES11676829236136791122,CL00300,Corriente,2023-09-19
AC00726,ES42956581442701544141,CL00848,Corriente,2026-01-19
AC00727,ES51638196169164297404,CL00046,Corriente,2024-06-27
AC00728,ES62771959957106283309,CL00553,Corriente,2024-09-23
AC00729,ES85406862943552882995,CL00187,Nómina,2024-11-30
AC00730,ES58171186077393112038,CL00930,Corriente,2023-12-10
AC00731,ES63833368809012577159,CL00838,Nómina,2023-11-10
AC00732,ES46228644869276817216,CL00981,Corriente,2023-07-08
AC00733,ES94374496022159721780,CL00299,Corriente,2023-12-19
AC00734,ES38947687367353262170,CL00899,Ahorro,2025-10-25
AC00735,ES98964731857246852447,CL00455,Corriente,2025-06-25
AC00736,ES78825578517779217491,CL00621,Nómina,2025-07-06
AC00737,ES85715140198970818009,CL00890,Ahorro,2025-02-08
AC00738,ES47756665425137377548,CL00045,Corriente,2025-08-18
AC00739,ES81865507581867579491,CL00466,Ahorro,2023-03-09
AC00740,ES86485745469926854688,CL00906,Corriente,2023-07-02
AC00741,ES51779138651266301043,CL00168,Corriente,2025-03-31
AC00742,ES69276846220038340045,CL00337,Corriente,2024-08-23
AC00743,ES46414624043520567960,CL00381,Corriente,2025-08-12
AC00744,ES53942059282084416551,CL00422,Corriente,2024-01-03
AC00745,ES73207279095026215967,CL00489,Nómina,2024-03-22
AC00746,ES12500097214021041417,CL00473,Corriente,2025-05-16
AC00747,ES45339831608653786240,CL00260,Ahorro,2025-05-03
AC00748,ES99845396447071381560,CL00224,Corriente,2025-12-30
AC00749,ES51450496474734024368,CL00328,Ahorro,2023-03-07
AC00750,ES48395150730876249875,CL01027,Ahorro,2024-07-13
AC00751,ES45160690112945091470,CL01160,Nómina,2026-01-25
AC00752,ES43942081411534926088,CL00210,Corriente,2024-02-25
AC00753,ES66183411063135699641,CL01100,Ahorro,2024-12-19
AC00754,ES14989049798645444053,CL00592,Corriente,2025-10-30
AC00755,ES55631624089984454328,CL00834,Corriente,2023-10-22
AC00756,ES40726111909821824943,CL00221,Ahorro,2025-06-30
AC00757,ES59586547772983824375,CL00021,Nómina,2026-01-19
AC00758,ES53824504877613698548,CL00608,Corriente,2023-06-14
AC00759,ES34580353958714261998,CL00550,Nómina,2023-02-24
AC00760,ES46795021272220152312,CL00423,Corriente,2024-01-18
AC00761,ES97521094191680822574,CL00318,Corriente,2024-08-27
AC00762,ES38826363525379211150,CL00974,Corriente,2024-10-23
AC00763,ES40626132887098276618,CL01160,Corriente,2024-09-14
AC00764,ES55610883157451424303,CL01048,Ahorro,2025-12-15
AC00765,ES80954514065383930438,CL00829,Corriente,2023-04-11
AC00766,ES16914787931283198533,CL00022,Corriente,2023-04-02
AC00767,ES95722042834803894001,CL00568,Nómina,2023-11-01
AC00768,ES30199862618193965014,CL00223,Corriente,2025-09-25
AC00769,ES91916456549979634133,CL01131,Corriente,2024-05-11
AC00770,ES42113928820810122996,CL00559,Corriente,2025-02-12
AC00771,ES55416289703679201352,CL00271,Corriente,2025-03-17
AC00772,ES39780284601084800451,CL01015,Corriente,2023-04-25
AC00773,ES66885708151967834322,CL00114,Corriente,2026-01-07
AC00774,ES32119029611152360799,CL00408,Corriente,2023-03-14
AC00775,ES93564956262045786219,CL01073,Corriente,2025-11-09
AC00776,ES94763121532450247627,CL00357,Corriente,2023-10-30
AC00777,ES39841098342369048720,CL00886,Ahorro,2023-12-19
AC00778,ES34762873222109602883,CL00170,Corriente,2025-08-30
AC00779,ES21882783231375058485,CL01084,Nómina,2024-03-24
AC00780,ES77472341118673121867,CL00548,Corriente,2023-05-05
AC00781,ES86812107675251798478,CL00233,Corriente,2025-06-10
AC00782,ES22216486287938288051,CL00139,Corriente,2025-11-01
AC00783,ES51905730667450779299,CL00736,Corriente,2025-02-13
AC00784,ES40739130900427201899,CL00604,Nómina,2024-04-27
AC00785,ES84110592259589204392,CL00312,Nómina,2023-09-01
AC00786,ES45209511171095031609,CL00076,Corriente,2023-10-22
AC00787,ES70572760442389100691,CL00448,Corriente,2024-11-26
AC00788,ES60422095380498691501,CL01189,Corriente,2023-06-07
AC00789,ES80868360888047327134,CL00893,Corriente,2023-05-02
AC00790,ES12911047049090290675,CL01108,Corriente,2024-06-10
AC00791,ES15508869978387007339,CL00669,Corriente,2024-04-27
AC00792,ES48815043592113799069,CL00152,Ahorro,2025-04-18
AC00793,ES70497019977365851612,CL00438,Corriente,2026-01-08
AC00794,ES35945430966070169438,CL00984,Nómina,2025-01-19
AC00795,ES12399395804203898163,CL01087,Ahorro,2026-01-02
AC00796,ES72364676841356489093,CL00821,Ahorro,2024-08-26
AC00797,ES59119076036917236713,CL00119,Corriente,2023-10-04
AC00798,ES79253983214170793289,CL00351,Ahorro,2023-09-06
AC00799,ES22569325323471662621,CL00967,Corriente,2023-04-04
AC00800,ES11399152518654311732,CL00390,Nómina,2024-04-29
AC00801,ES39206790489130690519,CL00033,Nómina,2025-02-23
AC00802,ES42135258132626696112,CL01191,Corriente,2023-03-23
AC00803,ES23317100014463702909,CL00191,Corriente,2023-08-30
AC00804,ES12174064828901728103,CL00408,Corriente,2023-10-04
AC00805,ES80321044623479890318,CL01183,Corriente,2024-07-21
AC00806,ES58385817980469246557,CL00524,Nómina,2024-10-28
AC00807,ES76411421431515239847,CL00470,Nómina,2026-01-01
AC00808,ES52696430392140074932,CL00542,Nómina,2024-05-29
AC00809,ES54283830578393959080,CL01106,Ahorro,2023-12-02
AC00810,ES31554023416649562740,CL00568,Corriente,2024-02-29
AC00811,ES86340447244325558101,CL00448,Nómina,2024-11-04
AC00812,ES67569973983133251826,CL00477,Nómina,2023-07-14
AC00813,ES94123532358024848599,CL00834,Corriente,2023-07-04
AC00814,ES67791339127803865863,CL00054,Corriente,2024-11-13
AC00815,ES36839828609378442313,CL01110,Ahorro,2025-02-26
AC00816,ES12478505200809871800,CL00151,Corriente,2025-02-24
AC00817,ES68559467236553900287,CL00909,Ahorro,2024-09-18
AC00818,ES18702368588836398586,CL00331,Ahorro,2025-03-06
AC00819,ES84751078615227442554,CL00637,Corriente,2026-01-20
AC00820,ES56898881923942081027,CL00738,Corriente,2025-11-01
AC00821,ES60812623473721015314,CL00506,Nómina,2023-02-18
AC00822,ES13357009124599521009,CL00201,Corriente,2025-06-03
AC00823,ES48310687954005407109,CL00313,Corriente,2023-03-28
AC00824,ES31709481567729763028,CL00512,Corriente,2024-01-28
AC00825,ES47141003412405072198,CL01113,Ahorro,2025-03-14
AC00826,ES24906495369116283489,CL00534,Nómina,2023-06-29
AC00827,ES17693041202326151684,CL00247,Corriente,2025-06-03
AC00828,ES64613077841685848207,CL00753,Ahorro,2023-06-04
AC00829,ES65495738114930523215,CL00404,Corriente,2025-08-05
AC00830,ES42221032056044621340,CL00596,Corriente,2024-04-26
AC00831,ES13811119798044041916,CL00815,Ahorro,2024-03-02
AC00832,ES63612788762041364222,CL01086,Nómina,2024-02-16
AC00833,ES93708515011608784192,CL00225,Corriente,2025-09-26
AC00834,ES70695197234599548846,CL01036,Nómina,2023-04-03
AC00835,ES33347852478888878286,CL00396,Corriente,2024-12-24
AC00836,ES39570847681776161334,CL00893,Corriente,2024-10-29
AC00837,ES16349391764442269870,CL01075,Corriente,2023-07-26
AC00838,ES93130845541466855546,CL00978,Corriente,2024-02-11
AC00839,ES52380328402328293469,CL01042,Corriente,2025-09-02
AC00840,ES69311236936332822441,CL01090,Nómina,2024-02-20
AC00841,ES71523976959304612190,CL01012,Corriente,2025-02-25
AC00842,ES35961791776475086954,CL00009,Corriente,2024-05-02
AC00843,ES31385007336196340536,CL01172,Ahorro,2025-09-23
AC00844,ES96304729466252761449,CL00970,Corriente,2023-10-15
AC00845,ES44281618538723253463,CL00226,Corriente,2023-06-19
AC00846,ES49635824197315715782,CL00581,Corriente,2023-06-07
AC00847,ES91126517725878181452,CL01010,Corriente,2024-11-11
AC00848,ES91164898994146416904,CL00354,Ahorro,2025-06-28
AC00849,ES14147955126740575022,CL00192,Corriente,2025-03-26
AC00850,ES93639552907342959300,CL01144,Nómina,2023-06-06
AC00851,ES96532107487710090925,CL00783,Corriente,2024-11-05
AC00852,ES34419546816447980474,CL00760,Ahorro,2023-03-15
AC00853,ES71831256625881325537,CL00317,Nómina,2025-08-22
AC00854,ES34292518263463589616,CL00790,Ahorro,2023-08-05
AC00855,ES31558512883349630839,CL00105,Nómina,2025-03-04
AC00856,ES68380388932415597876,CL00071,Nómina,2023-04-11
AC00857,ES62967901581792670122,CL00033,Corriente,2023-02-07
AC00858,ES46236022843436133729,CL00720,Corriente,2023-11-05
AC00859,ES22703731056212545583,CL00480,Corriente,2024-01-13
AC00860,ES79465184915170853966,CL00405,Ahorro,2025-12-30
AC00861,ES73468803551733914354,CL00187,Corriente,2024-08-06
AC00862,ES42152477770212957861,CL00530,Nómina,2023-04-30
AC00863,ES82454280564475319250,CL00674,Nómina,2024-01-07
AC00864,ES78390024740732241194,CL00346,Ahorro,2023-11-24
AC00865,ES89163701402279372562,CL01052,Corriente,2024-04-19
AC00866,ES81344593820034265690,CL00733,Nómina,2023-04-11
AC00867,ES18888459695888848136,CL00836,Corriente,2026-01-11
AC00868,ES24534594607347616616,CL00433,Corriente,2025-01-09
AC00869,ES44515898222670309960,CL00012,Corriente,2025-11-25
AC00870,ES70748378157670930353,CL00974,Corriente,2024-07-31
AC00871,ES89410594388747045419,CL01130,Corriente,2023-03-08
AC00872,ES47770661462254949513,CL00945,Ahorro,2023-11-08
AC00873,ES20533310760743346952,CL00623,Corriente,2024-03-27
AC00874,ES97449683050049840916,CL00638,Corriente,2024-01-12
AC00875,ES72194326602029090296,CL00868,Corriente,2024-07-28
AC00876,ES34221389454646438835,CL00882,Corriente,2024-09-21
AC00877,ES70948702247083258577,CL00266,Corriente,2024-04-24
AC00878,ES81529080235545675078,CL00626,Corriente,2025-08-07
AC00879,ES37548526876718871899,CL00028,Nómina,2024-10-17
AC00880,ES56209361489426999585,CL01144,Ahorro,2023-03-27
AC00881,ES16147169232925722689,CL00765,Ahorro,2025-12-20
AC00882,ES78957517971152984047,CL00387,Corriente,2025-02-03
AC00883,ES56359211493987969623,CL00303,Corriente,2023-11-16
AC00884,ES86329937102321199067,CL01131,Ahorro,2023-10-23
AC00885,ES53754907820254274192,CL00627,Ahorro,2024-01-03
AC00886,ES19102721731252286520,CL00137,Corriente,2025-04-11
AC00887,ES13746536517745027290,CL00619,Corriente,2023-08-26
AC00888,ES67920636055273610040,CL00507,Corriente,2025-08-21
AC00889,ES13956878101204317213,CL01167,Ahorro,2024-10-14
AC00890,ES97107523629384242658,CL00030,Ahorro,2023-07-24
AC00891,ES95718219893127548100,CL00816,Ahorro,2023-11-16
AC00892,ES55357924229551741982,CL01190,Ahorro,2024-02-19
AC00893,ES16136763025809140041,CL01003,Corriente,2025-10-19
AC00894,ES82346006991757208619,CL00820,Corriente,2024-10-09
AC00895,ES10349590007061571019,CL00502,Corriente,2024-08-20
AC00896,ES24871838973458418814,CL00732,Nómina,2025-01-18
AC00897,ES24542392918417003571,CL00866,Ahorro,2023-07-04
AC00898,ES79454496980744884082,CL00223,Corriente,2023-12-23
AC00899,ES82590608042328773188,CL01049,Corriente,2024-03-11
AC00900,ES67104924511769793589,CL01077,Nómina,2025-10-08
AC00901,ES20733642654947303736,CL00003,Corriente,2023-04-15
AC00902,ES77625849597469110258,CL01166,Corriente,2025-12-09
AC00903,ES26183850734837564285,CL00560,Corriente,2024-08-11
AC00904,ES91695562368600934122,CL00377,Ahorro,2024-01-23
AC00905,ES51938934919258451141,CL00597,Ahorro,2025-10-13
AC00906,ES21916995345624153751,CL00846,Corriente,2023-05-08
AC00907,ES45118979160326030927,CL00700,Corriente,2025-03-03
AC00908,ES79321710235205230426,CL00599,Nómina,2023-07-14
AC00909,ES54504534306036546816,CL00180,Corriente,2024-12-16
AC00910,ES72215762627630605333,CL01035,Ahorro,2025-12-06
AC00911,ES16127277823418555393,CL01175,Corriente,2024-06-28
AC00912,ES41301056633874505883,CL00267,Ahorro,2025-03-13
AC00913,ES85332435524999380970,CL00037,Ahorro,2023-05-14
AC00914,ES49856943895736200150,CL00327,Corriente,2025-07-06
AC00915,ES75761081418308498857,CL01185,Corriente,2023-09-08
AC00916,ES69448508597536147459,CL00805,Ahorro,2024-10-01
AC00917,ES56922463418478397484,CL00675,Corriente,2024-03-08
AC00918,ES25758509566845874625,CL01051,Ahorro,2025-06-18
AC00919,ES98801319188470715225,CL00348,Ahorro,2023-08-06
AC00920,ES85547029115241304998,CL01024,Corriente,2025-04-25
AC00921,ES24619966099133354471,CL00764,Corriente,2025-09-14
AC00922,ES10980482252580948075,CL00108,Corriente,2024-12-11
AC00923,ES34174178261059364371,CL00695,Corriente,2025-03-29
AC00924,ES45809865326824996970,CL00024,Corriente,2025-03-05
AC00925,ES97326118071903208023,CL00060,Corriente,2025-09-06
AC00926,ES48294283701315347213,CL00344,Corriente,2023-05-26
AC00927,ES90895279063323944917,CL01068,Corriente,2025-07-27
AC00928,ES29399136163235996477,CL01104,Corriente,2024-10-08
AC00929,ES78636505683355171653,CL00099,Corriente,2023-09-12
AC00930,ES77261024481330572672,CL00388,Corriente,2025-06-08
AC00931,ES41525280904661178514,CL00754,Corriente,2024-10-03
AC00932,ES55468574651336513851,CL01161,Corriente,2024-06-01
AC00933,ES64510264304209473511,CL01028,Corriente,2024-08-02
AC00934,ES80206175787220186450,CL01011,Corriente,2026-01-29
AC00935,ES98376779796829289408,CL00679,Corriente,2023-08-01
AC00936,ES35638790162589687787,CL00222,Ahorro,2024-04-02
AC00937,ES81993889540991624866,CL00179,Corriente,2025-07-09
AC00938,ES27506434611651944506,CL00862,Ahorro,2025-03-29
AC00939,ES15725294515136767137,CL00027,Ahorro,2023-06-09
AC00940,ES43229019055540658420,CL01045,Corriente,2024-04-22
AC00941,ES88198810922687941205,CL00113,Corriente,2025-11-07
AC00942,ES55118702751606565786,CL00998,Nómina,2023-09-05
AC00943,ES28378674057110036442,CL00856,Nómina,2025-08-29
AC00944,ES74876665263912324845,CL00664,Nómina,2024-05-12
AC00945,ES86665614314076908488,CL00544,Corriente,2024-02-26
AC00946,ES41287053422035896493,CL01176,Ahorro,2023-02-06
AC00947,ES71585386131411239467,CL00703,Ahorro,2023-03-14
AC00948,ES83565775687613509192,CL00357,Corriente,2024-05-10
AC00949,ES91158698910308965334,CL00247,Ahorro,2025-02-22
AC00950,ES46944229193984201528,CL00952,Nómina,2026-01-02
AC00951,ES99609802031255003218,CL00745,Nómina,2025-10-16
AC00952,ES38205519416585866704,CL00967,Ahorro,2023-03-21
AC00953,ES20386923217613018939,CL00434,Ahorro,2025-09-05
AC00954,ES69601773049953543553,CL00112,Ahorro,2024-02-03
AC00955,ES81841919686917784088,CL00610,Corriente,2023-06-02
AC00956,ES48791513292341909747,CL00645,Corriente,2024-05-12
AC00957,ES74517346678447959842,CL00709,Nómina,2023-11-02
AC00958,ES30557604062176990925,CL00758,Corriente,2023-07-04
AC00959,ES45140024895452200557,CL00661,Nómina,2025-10-19
AC00960,ES37928254506054597325,CL00556,Nómina,2024-12-12
AC00961,ES25733111185094464886,CL00550,Corriente,2025-03-21
AC00962,ES18135146409414751744,CL01158,Nómina,2025-12-09
AC00963,ES33386434266379973956,CL01043,Nómina,2024-10-06
AC00964,ES40251251008648449090,CL01099,Ahorro,2023-08-05
AC00965,ES82384183020315889228,CL00342,Corriente,2025-02-24
AC00966,ES97680303753397769152,CL00889,Ahorro,2025-03-25
AC00967,ES30507425919878184160,CL00730,Ahorro,2023-05-02
AC00968,ES66953964700829932556,CL01145,Corriente,2024-04-07
AC00969,ES70805407652245214397,CL00309,Corriente,2024-03-05
AC00970,ES20783488868402645312,CL00944,Corriente,2025-07-18
AC00971,ES49806941854171834279,CL00403,Corriente,2025-07-09
AC00972,ES89525293967379001895,CL00162,Corriente,2025-10-25
AC00973,ES10534469690786990578,CL00706,Ahorro,2023-06-09
AC00974,ES84671169052525765151,CL00742,Nómina,2024-03-24
AC00975,ES90994434489563959905,CL01080,Corriente,2023-07-22
AC00976,ES18796442080757744235,CL00716,Corriente,2023-08-29
AC00977,ES74828763781491876559,CL00039,Corriente,2024-05-27
AC00978,ES88438676577767737323,CL00514,Corriente,2023-10-25
AC00979,ES57847228398443066213,CL01185,Ahorro,2024-10-06
AC00980,ES61573970688037323798,CL00564,Corriente,2024-02-02
AC00981,ES47342677512321477239,CL00029,Ahorro,2024-06-12
AC00982,ES78744790837715005940,CL00740,Corriente,2024-05-26
AC00983,ES44981948926191981136,CL00570,Ahorro,2025-12-27
AC00984,ES23599432555359521860,CL00477,Corriente,2025-10-21
AC00985,ES98434749202445107153,CL00315,Nómina,2023-08-06
AC00986,ES80445192226163351022,CL00308,Ahorro,2025-01-27
AC00987,ES28515177662674365184,CL00011,Corriente,2024-02-19
AC00988,ES24372350046366766338,CL00926,Ahorro,2024-04-30
AC00989,ES13763179898652390813,CL00204,Corriente,2023-05-03
AC00990,ES40992784094983616214,CL01179,Corriente,2023-02-15
AC00991,ES96994770014735153764,CL00017,Ahorro,2023-03-23
AC00992,ES31600024483662871187,CL01134,Corriente,2023-05-17
AC00993,ES56824110808789127784,CL00225,Nómina,2025-08-27
AC00994,ES32185080695293968032,CL00665,Corriente,2025-03-25
AC00995,ES79286850779204681421,CL00650,Nómina,2023-12-29
AC00996,ES21681707726814259403,CL01149,Corriente,2025-03-10
AC00997,ES18693911646997090403,CL00486,Corriente,2025-04-11
AC00998,ES93949610209386000995,CL00950,Corriente,2025-12-23
AC00999,ES93974175375017175316,CL01135,Corriente,2023-05-31
AC01000,ES19263587648666488845,CL01116,Corriente,2025-03-26
AC01001,ES26443110511469618061,CL01079,Corriente,2023-06-13
AC01002,ES79923530866662691737,CL00020,Ahorro,2025-03-04
AC01003,ES80974515898001344364,CL00467,Ahorro,2025-05-01
AC01004,ES15953453122417121232,CL00232,Nómina,2026-01-16
AC01005,ES77812941370830595807,CL01150,Nómina,2023-09-26
AC01006,ES55698620769962700011,CL00908,Ahorro,2025-03-16
AC01007,ES76455179443857028163,CL00369,Corriente,2023-02-09
AC01008,ES37999723528094819335,CL00316,Nómina,2024-12-17
AC01009,ES49944766668672869992,CL00382,Corriente,2023-07-21
AC01010,ES13595428796204077302,CL00899,Corriente,2023-06-06
AC01011,ES89505733005252098516,CL00561,Nómina,2023-08-24
AC01012,ES81299859818870693253,CL00072,Corriente,2025-01-19
AC01013,ES14564494817152274347,CL00586,Nómina,2024-03-24
AC01014,ES76890693714505516083,CL00995,Corriente,2025-05-28
AC01015,ES10275550782147718290,CL00666,Nómina,2023-02-07
AC01016,ES30121237907569769277,CL00063,Corriente,2023-02-17
AC01017,ES74362627802661235868,CL00210,Corriente,2023-06-23
AC01018,ES69599743667678883649,CL00390,Corriente,2023-12-05
AC01019,ES19910167087664828075,CL00045,Ahorro,2025-12-01
AC01020,ES13947303330234512111,CL00599,Ahorro,2023-09-13
AC01021,ES59481389884987348596,CL00704,Corriente,2024-10-05
AC01022,ES29114430084445651191,CL00897,Ahorro,2024-11-09
AC01023,ES61239203970613444858,CL00458,Corriente,2023-11-17
AC01024,ES17786090007613763823,CL00396,Corriente,2025-05-18
AC01025,ES22632868577120021145,CL00790,Corriente,2025-03-27
AC01026,ES11949675069303303689,CL01200,Corriente,2025-04-28
AC01027,ES80862686843179797262,CL00349,Corriente,2025-01-29
AC01028,ES47635820861640207133,CL00213,Ahorro,2025-11-18
AC01029,ES32765222056168236963,CL00624,Ahorro,2025-07-23
AC01030,ES88404210555572158010,CL00471,Corriente,2023-08-12
AC01031,ES56776268866553305401,CL01177,Nómina,2025-01-27
AC01032,ES94480054090657208786,CL00321,Corriente,2023-12-21
AC01033,ES48176435502881012917,CL01184,Ahorro,2024-01-02
AC01034,ES90805824884715333392,CL00058,Corriente,2023-05-31
AC01035,ES40974585742267610943,CL00940,Corriente,2023-04-04
AC01036,ES38366855153872626484,CL00935,Corriente,2023-06-02
AC01037,ES39791675473820000976,CL00767,Corriente,2023-07-23
AC01038,ES84340914807990895716,CL01173,Nómina,2023-03-07
AC01039,ES39222047390409900587,CL00708,Corriente,2023-09-28
AC01040,ES14916437832471923339,CL00466,Corriente,2025-09-04
AC01041,ES43992012624110974881,CL01112,Ahorro,2025-04-14
AC01042,ES45127966551606972251,CL00430,Ahorro,2025-05-29
AC01043,ES25500537980052760374,CL00197,Corriente,2024-10-28
AC01044,ES96115878852952685377,CL00963,Corriente,2025-08-18
AC01045,ES84503379384762054625,CL01056,Nómina,2025-01-10
AC01046,ES45401186990771089610,CL00592,Corriente,2025-11-21
AC01047,ES56424819116756870490,CL00267,Ahorro,2025-10-01
AC01048,ES50285656058867692365,CL00961,Corriente,2023-11-04
AC01049,ES51133191807277594024,CL01111,Corriente,2023-11-27
AC01050,ES48894007738938368398,CL00843,Corriente,2024-10-08
AC01051,ES35140874706210744385,CL00246,Corriente,2023-07-06
AC01052,ES21439761405125073061,CL00128,Nómina,2025-11-13
AC01053,ES97449989394510746129,CL01130,Ahorro,2024-06-18
AC01054,ES60135583624401602974,CL00960,Corriente,2025-07-09
AC01055,ES72161966214896302475,CL00668,Corriente,2025-03-11
AC01056,ES55962131725107716823,CL00157,Corriente,2025-11-19
AC01057,ES48542690588803555649,CL00611,Corriente,2023-08-31
AC01058,ES14146374868873277435,CL00567,Corriente,2025-10-03
AC01059,ES14743761902509644855,CL00148,Nómina,2023-03-04
AC01060,ES32396710325781322038,CL00349,Corriente,2023-04-17
AC01061,ES17734414931576647965,CL00072,Corriente,2024-05-25
AC01062,ES64672452997809914436,CL00301,Corriente,2023-10-10
AC01063,ES29558166316666699459,CL00517,Corriente,2025-02-14
AC01064,ES90119805696197780742,CL01168,Corriente,2025-08-20
AC01065,ES42919451390407451274,CL00495,Nómina,2024-05-17
AC01066,ES54906388897394294369,CL01139,Corriente,2024-09-16
AC01067,ES15705406189111484366,CL00174,Corriente,2023-04-24
AC01068,ES48349831293436003685,CL00356,Nómina,2025-01-06
AC01069,ES24651159368675476062,CL00705,Corriente,2023-12-27
AC01070,ES43388692666743510764,CL00300,Corriente,2023-12-21
AC01071,ES65458143810829338171,CL00964,Corriente,2023-08-14
AC01072,ES17126941663340215102,CL00845,Corriente,2024-08-31
AC01073,ES11247487836100685413,CL00187,Nómina,2024-03-07
AC01074,ES99662788090822322203,CL00624,Corriente,2025-07-29
AC01075,ES16659016476008935115,CL00644,Ahorro,2024-03-12
AC01076,ES50568811188481477930,CL01153,Corriente,2023-10-28
AC01077,ES36955313510655744085,CL00580,Nómina,2023-07-02
AC01078,ES76608955924104064868,CL00665,Ahorro,2023-05-06
AC01079,ES76185852008893369292,CL00986,Corriente,2024-07-02
AC01080,ES92285693943245350579,CL00899,Corriente,2023-02-20
AC01081,ES12799700637795501500,CL00940,Corriente,2024-06-23
AC01082,ES38648425687790897435,CL00737,Ahorro,2023-08-28
AC01083,ES19348360956081280446,CL00725,Corriente,2024-05-29
AC01084,ES50958188605966051157,CL00214,Corriente,2023-10-24
AC01085,ES94841227441458585827,CL00578,Corriente,2024-09-10
AC01086,ES82616729743776060074,CL00450,Nómina,2024-08-11
AC01087,ES74438571797509139416,CL01101,Corriente,2023-05-30
AC01088,ES53683139755381341615,CL00688,Corriente,2024-09-14
AC01089,ES16860015766414697851,CL00476,Corriente,2024-02-09
AC01090,ES46814987149247317736,CL00082,Corriente,2024-06-21
AC01091,ES72206235125044328142,CL00989,Corriente,2024-05-02
AC01092,ES94809464084667747118,CL00840,Corriente,2023-12-30
AC01093,ES66765063064194229350,CL00836,Corriente,2023-04-28
AC01094,ES71731666589948188715,CL00346,Corriente,2025-10-27
AC01095,ES43583051949239527717,CL00983,Nómina,2023-10-13
AC01096,ES20800661708424362229,CL00122,Ahorro,2025-12-08
AC01097,ES34516094565314182647,CL00891,Corriente,2024-02-16
AC01098,ES96648807803133005696,CL00976,Corriente,2025-10-05
AC01099,ES82244398469786925757,CL00733,Corriente,2025-03-13
AC01100,ES24395905440982666588,CL00656,Nómina,2025-06-17
AC01101,ES28140265858279403093,CL01076,Corriente,2025-12-30
AC01102,ES11184458777236513957,CL00851,Nómina,2024-01-06
AC01103,ES79273605349851508734,CL00104,Nómina,2024-05-30
AC01104,ES35744997552097065489,CL00142,Corriente,2023-09-20
AC01105,ES93456122222450515136,CL00208,Corriente,2026-01-27
AC01106,ES58367085537044325267,CL00598,Nómina,2023-11-01
AC01107,ES19731283308361393479,CL01199,Nómina,2024-01-23
AC01108,ES43375792976916978086,CL00789,Ahorro,2025-04-28
AC01109,ES53654292810279270262,CL00648,Corriente,2024-01-29
AC01110,ES18370049329213273066,CL00160,Corriente,2025-02-26
AC01111,ES79475012482400269666,CL00588,Corriente,2024-01-27
AC01112,ES77463509592892775690,CL01090,Ahorro,2023-02-26
AC01113,ES83387869554124862094,CL00203,Corriente,2025-06-14
AC01114,ES99126724557599640613,CL00527,Corriente,2025-04-29
AC01115,ES43816867847627341301,CL00426,Corriente,2024-11-13
AC01116,ES44740600984379904403,CL00519,Ahorro,2023-02-03
AC01117,ES82792480434434843251,CL00717,Corriente,2023-12-23
AC01118,ES38891426052352666155,CL00150,Corriente,2023-07-23
AC01119,ES19939211189770280860,CL00984,Ahorro,2023-04-20
AC01120,ES25172098093582795177,CL00232,Nómina,2023-07-06
AC01121,ES63991779245904221337,CL01113,Corriente,2025-11-26
AC01122,ES82416655852005874088,CL00357,Corriente,2023-03-02
AC01123,ES52219501701231610782,CL00394,Nómina,2024-06-22
AC01124,ES99868292757605119654,CL00610,Corriente,2024-06-30
AC01125,ES64724017354831653302,CL00911,Ahorro,2024-05-30
AC01126,ES43512166153157927505,CL01047,Corriente,2025-02-17
AC01127,ES86635537677049437929,CL00273,Corriente,2025-10-26
AC01128,ES89530070428805781274,CL00111,Corriente,2024-10-16
AC01129,ES59306504501313735143,CL00779,Corriente,2023-03-10
AC01130,ES76711852616752584851,CL01113,Corriente,2025-01-27
AC01131,ES94706326086981127215,CL01162,Ahorro,2024-04-15
AC01132,ES41843968608808023949,CL00630,Corriente,2024-12-26
AC01133,ES96380791533446038547,CL01064,Nómina,2025-08-30
AC01134,ES59864205895134526458,CL00496,Nómina,2023-11-11
AC01135,ES96495048303104976349,CL00035,Corriente,2024-05-26
AC01136,ES84315738277231122109,CL00970,Corriente,2023-11-28
AC01137,ES14872008476774242962,CL00778,Corriente,2025-01-09
AC01138,ES80405853756056280487,CL00235,Corriente,2026-01-30
AC01139,ES17577336696809938657,CL01063,Corriente,2025-07-02
AC01140,ES68721212412156643752,CL00853,Corriente,2025-06-15
AC01141,ES99754590629226995337,CL00437,Corriente,2023-05-23
AC01142,ES92934576464817111394,CL00988,Corriente,2025-03-13
AC01143,ES34152061502261495239,CL00840,Ahorro,2025-03-24
AC01144,ES77441090451771863863,CL00143,Ahorro,2025-03-21
AC01145,ES18747443429982915395,CL00499,Corriente,2025-06-23
AC01146,ES28875862052122778400,CL01063,Corriente,2024-07-15
AC01147,ES45597101663196771161,CL00765,Corriente,2025-02-11
AC01148,ES34795835822553307457,CL00615,Nómina,2024-02-18
AC01149,ES94684180724049599435,CL01125,Ahorro,2023-04-04
AC01150,ES22672771004302127836,CL00741,Nómina,2024-06-09
AC01151,ES28918807423314424487,CL00866,Corriente,2025-10-17
AC01152,ES98106007197312110642,CL00625,Corriente,2025-06-15
AC01153,ES55458452337691645997,CL00997,Ahorro,2023-02-12
AC01154,ES43487003076177211624,CL00693,Nómina,2025-02-22
AC01155,ES26440621807937444829,CL00549,Corriente,2023-06-08
AC01156,ES77109968055901371661,CL01176,Corriente,2024-10-30
AC01157,ES95867367799721561557,CL00087,Corriente,2023-03-01
AC01158,ES21955400728176356228,CL00474,Corriente,2023-05-30
AC01159,ES30851593928364888818,CL00361,Corriente,2024-10-24
AC01160,ES35766130880965510309,CL01125,Corriente,2024-06-29
AC01161,ES67466043896235007088,CL00526,Nómina,2024-12-25
AC01162,ES61887263072050087871,CL00066,Corriente,2024-02-14
AC01163,ES86644783579437308637,CL01070,Ahorro,2024-02-05
AC01164,ES73685325977987069761,CL00953,Ahorro,2024-04-26
AC01165,ES96776706378608938871,CL01004,Corriente,2023-11-02
AC01166,ES18934715019541377031,CL00741,Ahorro,2025-07-09
AC01167,ES24471191926945497867,CL00928,Nómina,2024-06-18
AC01168,ES35161187076111344989,CL01004,Ahorro,2025-01-30
AC01169,ES31680656320200879362,CL00527,Corriente,2023-10-30
AC01170,ES29414806799669677327,CL00232,Nómina,2023-09-20
AC01171,ES84537931755572075144,CL00567,Corriente,2024-07-01
AC01172,ES82484596289003861248,CL00964,Ahorro,2023-11-13
AC01173,ES57588654215184470186,CL00228,Ahorro,2024-10-12
AC01174,ES90567434932167767662,CL00401,Nómina,2023-08-10
AC01175,ES28659661420180409238,CL00939,Corriente,2024-08-02
AC01176,ES45311498791099471611,CL00570,Corriente,2023-12-14
AC01177,ES37629367717808100750,CL00826,Nómina,2023-06-01
AC01178,ES43988537908404435345,CL00606,Corriente,2023-02-18
AC01179,ES66296533625523030420,CL00323,Corriente,2024-12-27
AC01180,ES40529332421841614029,CL00890,Corriente,2025-09-25
AC01181,ES66667532728178138772,CL00792,Ahorro,2025-02-18
AC01182,ES50849826057143238410,CL00185,Corriente,2025-04-05
AC01183,ES88210345124046113817,CL00613,Corriente,2024-10-16
AC01184,ES37353390990325532688,CL00209,Ahorro,2023-03-31
AC01185,ES59749195486093626713,CL00094,Corriente,2023-11-30
AC01186,ES95300959303118279940,CL00429,Corriente,2025-06-30
AC01187,ES53654235323484823913,CL00701,Corriente,2023-11-15
AC01188,ES59503684621920182831,CL01105,Ahorro,2024-06-05
AC01189,ES69850583085078304913,CL00404,Corriente,2025-07-01
AC01190,ES99814998414360197363,CL00073,Ahorro,2025-01-03
AC01191,ES14792433743963928490,CL00733,Ahorro,2023-11-19
AC01192,ES13903685549280288840,CL01162,Corriente,2025-07-11
AC01193,ES84573363884455883926,CL00442,Corriente,2024-07-19
AC01194,ES97161192586461346047,CL00762,Nómina,2025-10-09
AC01195,ES55515330160989194814,CL01040,Corriente,2024-10-01
AC01196,ES16329658378393382842,CL00523,Corriente,2024-11-09
AC01197,ES56240787064932825123,CL00044,Corriente,2023-12-13
AC01198,ES12277023012557598192,CL00736,Corriente,2023-10-25
AC01199,ES27561966781941252176,CL00441,Corriente,2023-12-02
AC01200,ES76950378722806943240,CL01017,Corriente,2023-05-13
AC01201,ES64350873640448598763,CL01103,Corriente,2023-05-06
AC01202,ES39326958322211594919,CL00037,Corriente,2023-09-29
AC01203,ES28351070142396333771,CL00660,Corriente,2025-07-18
AC01204,ES18906024188091017435,CL00899,Corriente,2025-02-22
AC01205,ES90308146813151476440,CL00125,Corriente,2024-04-05
AC01206,ES10396332719720778825,CL00318,Nómina,2024-03-20
AC01207,ES46394692213471178884,CL00426,Corriente,2024-11-28
AC01208,ES61793596809228876113,CL00516,Corriente,2024-12-24
AC01209,ES29270944556529859951,CL00515,Corriente,2025-02-14
AC01210,ES36728696169621248087,CL00230,Corriente,2025-12-05
AC01211,ES37810514907126969684,CL00222,Corriente,2025-01-19
AC01212,ES83255012595562663000,CL00337,Nómina,2025-06-01
AC01213,ES62744942135486162188,CL00250,Corriente,2025-08-29
AC01214,ES66553372309573146875,CL00801,Corriente,2024-12-28
AC01215,ES14129210150775942612,CL00744,Corriente,2025-10-16
AC01216,ES47674893685175870195,CL00575,Corriente,2023-04-19
AC01217,ES26754072999897430456,CL00262,Ahorro,2025-03-19
AC01218,ES49808946442298324684,CL00188,Ahorro,2023-02-08
AC01219,ES54282134614956101369,CL00395,Nómina,2025-03-30
AC01220,ES25362180918864791410,CL00297,Corriente,2023-09-15
AC01221,ES28622882690414183682,CL01004,Nómina,2023-05-09
AC01222,ES78659488341602777058,CL00093,Corriente,2025-03-26
AC01223,ES36945642985645484228,CL01178,Corriente,2023-12-08
AC01224,ES85307056693858314128,CL00889,Ahorro,2024-10-24
AC01225,ES81993272235992231018,CL00982,Corriente,2023-07-03
AC01226,ES90875242468340373866,CL00298,Corriente,2024-09-06
AC01227,ES51906834754433709136,CL00061,Corriente,2024-05-06
AC01228,ES49320920294037480397,CL00991,Nómina,2024-05-07
AC01229,ES91959486826967786499,CL01137,Ahorro,2025-07-31
AC01230,ES91138347262108039672,CL00304,Nómina,2023-03-04
AC01231,ES78734751645596867855,CL01064,Corriente,2023-05-07
AC01232,ES56772649055132686175,CL01112,Corriente,2025-08-01
AC01233,ES49323931798352417585,CL01073,Corriente,2025-03-24
AC01234,ES46144084546380676693,CL01133,Corriente,2025-12-03
AC01235,ES36218981381675756856,CL00559,Corriente,2023-09-04
AC01236,ES20713142076716768498,CL00478,Corriente,2026-01-26
AC01237,ES42447932393961290081,CL01112,Corriente,2024-04-21
AC01238,ES45866128092947793287,CL00658,Nómina,2023-04-04
AC01239,ES23700882786112131224,CL01189,Nómina,2024-09-13
AC01240,ES69615791722902631792,CL00969,Corriente,2026-01-02
AC01241,ES20699261118839628250,CL00274,Corriente,2023-07-20
AC01242,ES88541886218625843619,CL00209,Corriente,2025-05-11
AC01243,ES50439774197203254138,CL00696,Corriente,2023-03-02
AC01244,ES97630758722937252165,CL00181,Corriente,2025-07-31
AC01245,ES41658940224525214225,CL01094,Corriente,2023-10-10
AC01246,ES99314145909844690542,CL00482,Corriente,2024-07-04
AC01247,ES99495681224420562521,CL00253,Corriente,2025-05-05
AC01248,ES85473407204753440026,CL00238,Nómina,2024-12-13
AC01249,ES49580368572417422852,CL00712,Ahorro,2025-03-03
AC01250,ES37693257197558296082,CL00406,Corriente,2024-08-07
AC01251,ES40590406713927241759,CL00241,Corriente,2025-09-27
AC01252,ES86405449997158973826,CL00386,Corriente,2026-01-07
AC01253,ES37442222731352943407,CL00516,Corriente,2025-12-29
AC01254,ES67993254444648338060,CL00440,Nómina,2024-09-09
AC01255,ES58682856473486997190,CL00562,Ahorro,2025-12-06
AC01256,ES22881872677354745301,CL00430,Corriente,2023-10-08
AC01257,ES66863939015810290667,CL01063,Corriente,2023-11-09
AC01258,ES68161326639982993279,CL01110,Corriente,2023-08-03
AC01259,ES37560308188256977196,CL00234,Corriente,2023-07-24
AC01260,ES40767965907786667462,CL01175,Nómina,2023-11-30
AC01261,ES70147119797123399060,CL00555,Nómina,2023-07-24
AC01262,ES19961723332776518760,CL00413,Ahorro,2024-01-15
AC01263,ES93879154704794996695,CL00470,Corriente,2023-04-19
AC01264,ES39459743219472568519,CL00009,Corriente,2024-01-21
AC01265,ES78358814895528308736,CL01182,Ahorro,2025-02-15
AC01266,ES50802638354200643765,CL00138,Corriente,2025-12-23
AC01267,ES46879376829966113089,CL00791,Corriente,2023-11-14
AC01268,ES63166329103263246516,CL00218,Corriente,2024-08-31
AC01269,ES60798172376144567256,CL01103,Corriente,2023-08-25
AC01270,ES90598316297871481638,CL00892,Corriente,2024-05-03
AC01271,ES59376204080287023488,CL00362,Corriente,2023-03-31
AC01272,ES48931212521874448848,CL00941,Nómina,2023-07-28
AC01273,ES39433132287771005757,CL00450,Corriente,2025-06-20
AC01274,ES25697089202570584067,CL00398,Ahorro,2023-04-16
AC01275,ES19250149343501064923,CL00523,Nómina,2023-05-08
AC01276,ES26546400783118473000,CL00854,Corriente,2024-09-26
AC01277,ES12254807077660000642,CL00803,Ahorro,2023-04-22
AC01278,ES99344508214419002966,CL00521,Corriente,2024-04-04
AC01279,ES35528330626224953231,CL00236,Corriente,2024-03-26
AC01280,ES76667441889742011066,CL00221,Corriente,2025-11-11
AC01281,ES22285523336177143783,CL00579,Corriente,2025-04-11
AC01282,ES69805876139143096884,CL00232,Ahorro,2025-09-20
AC01283,ES43961615542953992495,CL00406,Nómina,2025-03-18
AC01284,ES98731810955201063841,CL01094,Corriente,2026-01-29
AC01285,ES14937368725236944453,CL00723,Nómina,2025-01-29
AC01286,ES44684241786151588815,CL00923,Ahorro,2025-05-24
AC01287,ES61118198340572673200,CL00212,Ahorro,2023-11-30
AC01288,ES42277974874176880002,CL00409,Nómina,2026-01-20
AC01289,ES87614068712737745149,CL00149,Ahorro,2024-12-16
AC01290,ES79124157265284729938,CL00555,Corriente,2026-01-08
AC01291,ES50414199370177445245,CL00841,Nómina,2024-07-26
AC01292,ES54128809712127035808,CL00861,Corriente,2024-08-14
AC01293,ES55110192520504535667,CL00550,Nómina,2024-07-25
AC01294,ES36291295946344329535,CL00378,Nómina,2025-09-12
AC01295,ES47259857126025183925,CL00883,Corriente,2025-01-28
AC01296,ES70580279381270460146,CL00163,Ahorro,2025-03-12
AC01297,ES23157966601423403471,CL00921,Corriente,2025-06-29
AC01298,ES94969341226628141591,CL00280,Corriente,2023-05-24
AC01299,ES33625911296225551255,CL00517,Corriente,2025-10-16
AC01300,ES87491103247963541900,CL01153,Corriente,2024-05-30
AC01301,ES36424894556602232498,CL01071,Corriente,2025-12-28
AC01302,ES48855826101031160804,CL00321,Corriente,2023-04-16
AC01303,ES56158819934267190169,CL01102,Corriente,2023-12-21
AC01304,ES89250828634713199638,CL00435,Corriente,2025-04-28
AC01305,ES78496270861988976249,CL00714,Ahorro,2024-03-11
AC01306,ES40983396458975646300,CL01134,Nómina,2025-01-01
AC01307,ES27308233363733083481,CL00841,Corriente,2023-08-05
AC01308,ES66472281634144748355,CL00335,Nómina,2025-01-02
AC01309,ES41895067991512440015,CL00717,Nómina,2025-12-12
AC01310,ES41987344493603739190,CL00052,Corriente,2024-04-12
AC01311,ES56731128459055010683,CL00957,Corriente,2023-07-13
AC01312,ES21787318457293957620,CL00204,Corriente,2025-06-15
AC01313,ES95880193353182238770,CL00716,Corriente,2023-02-09
AC01314,ES10576340951663793069,CL00354,Corriente,2024-02-01
AC01315,ES25270098336893473938,CL00463,Corriente,2024-12-19
AC01316,ES29513127770847551569,CL00329,Nómina,2025-08-11
AC01317,ES20837007181517404904,CL00083,Ahorro,2023-02-11
AC01318,ES54405826021681286820,CL00573,Nómina,2024-03-28
AC01319,ES61317989279630342391,CL00813,Nómina,2026-01-14
AC01320,ES23171655219845365853,CL00172,Corriente,2023-06-28
AC01321,ES86666389429312766343,CL01023,Nómina,2025-12-12
AC01322,ES62655254954245043489,CL00337,Corriente,2023-09-03
AC01323,ES25747214979492449971,CL00644,Corriente,2024-11-21
AC01324,ES27419068147389666666,CL01016,Ahorro,2024-10-03
AC01325,ES56749742168646101883,CL00840,Nómina,2023-07-28
AC01326,ES24803502295366349190,CL00487,Ahorro,2025-07-15
AC01327,ES45305395538764366184,CL00564,Corriente,2024-01-08
AC01328,ES43192564074480768136,CL00642,Ahorro,2023-12-09
AC01329,ES64944320792664064468,CL00593,Corriente,2025-05-04
AC01330,ES45813812509495729937,CL01101,Ahorro,2025-11-23
AC01331,ES38228768484988681874,CL00279,Corriente,2023-03-10
AC01332,ES17907357020275027570,CL00571,Corriente,2025-03-10
AC01333,ES59871889620785917389,CL00260,Corriente,2025-02-14
AC01334,ES59986414355095692698,CL00581,Nómina,2025-08-20
AC01335,ES57477389746446061254,CL00717,Corriente,2025-03-27
AC01336,ES11307981049663417171,CL00696,Nómina,2025-06-24
AC01337,ES30251294231834259165,CL00962,Corriente,2023-02-08
AC01338,ES68651428093286115408,CL00152,Corriente,2024-06-26
AC01339,ES49571189449293714938,CL00404,Corriente,2023-11-04
AC01340,ES35521599731331971072,CL00617,Corriente,2026-01-12
AC01341,ES94377508414851342506,CL00981,Corriente,2025-08-31
AC01342,ES32696982291077279151,CL00343,Corriente,2025-02-26
AC01343,ES21407649520355986515,CL00976,Corriente,2025-03-14
AC01344,ES91497318080231333859,CL00925,Corriente,2025-11-02
AC01345,ES92303942351209985361,CL01184,Nómina,2023-10-31
AC01346,ES94921753905495128723,CL01167,Corriente,2023-12-19
AC01347,ES75600609217340042954,CL01058,Ahorro,2023-03-26
AC01348,ES49701487150532748284,CL00665,Ahorro,2024-05-21
AC01349,ES45688661695093695743,CL00144,Corriente,2025-05-07
AC01350,ES36556595788178099563,CL00173,Ahorro,2024-10-27
AC01351,ES13148423565470403219,CL00549,Corriente,2024-11-10
AC01352,ES39947246818607621809,CL00897,Corriente,2024-06-06
AC01353,ES70927691740150755981,CL00806,Nómina,2025-02-06
AC01354,ES34370788603792622219,CL01039,Nómina,2025-11-23
AC01355,ES39168714051418962179,CL00459,Corriente,2023-04-08
AC01356,ES77702450245421780922,CL00176,Corriente,2025-07-23
AC01357,ES74248029887189773986,CL01070,Corriente,2024-01-21
AC01358,ES31148721597265966921,CL00187,Corriente,2024-11-11
AC01359,ES45909298693823527464,CL00097,Corriente,2025-09-04
AC01360,ES74707166512271703773,CL00114,Ahorro,2023-12-08
AC01361,ES94469974395200635140,CL01088,Ahorro,2025-11-04
AC01362,ES36915905569243737347,CL00770,Corriente,2025-06-08
AC01363,ES75985744104516747658,CL00227,Corriente,2025-07-15
AC01364,ES71408039379738083063,CL00180,Ahorro,2023-10-21
AC01365,ES22295986560958667111,CL01185,Ahorro,2024-05-04
AC01366,ES26909907356761904560,CL00908,Corriente,2024-07-14
AC01367,ES93768775971711720813,CL00432,Corriente,2024-09-16
AC01368,ES17711543007423871190,CL00937,Corriente,2025-06-16
AC01369,ES45918399187529717241,CL00075,Corriente,2024-04-21
AC01370,ES18832573874199719967,CL00839,Corriente,2024-02-26
AC01371,ES97111074498057338682,CL00064,Ahorro,2023-10-31
AC01372,ES93348390342346166931,CL00956,Nómina,2023-09-08
AC01373,ES61581622909028138043,CL01103,Corriente,2025-10-13
AC01374,ES24206979404448547931,CL00904,Corriente,2025-03-23
AC01375,ES82716181720388818468,CL01145,Corriente,2025-08-12
AC01376,ES40801255389258071637,CL00448,Nómina,2024-10-14
AC01377,ES66506255967949037246,CL00234,Corriente,2025-11-27
AC01378,ES20852783834690875011,CL00453,Ahorro,2024-11-08
AC01379,ES98299236985044378988,CL00974,Corriente,2024-06-20
AC01380,ES47454876619862573484,CL00328,Nómina,2025-05-16
AC01381,ES99693152878540155623,CL00446,Nómina,2024-06-03
AC01382,ES64601771940920275261,CL00621,Ahorro,2025-12-05
AC01383,ES52302137003529482693,CL00442,Corriente,2023-10-24
AC01384,ES62762802279719483438,CL00604,Nómina,2023-08-24
AC01385,ES94463001066451131007,CL00126,Nómina,2023-08-22
AC01386,ES30257675691849179259,CL00760,Nómina,2024-10-20
AC01387,ES78195987522626549638,CL01077,Nómina,2025-09-27
AC01388,ES13551363693127891999,CL00876,Corriente,2026-01-04
AC01389,ES88420127861580229544,CL00703,Corriente,2024-05-07
AC01390,ES80452592131348987787,CL00891,Corriente,2023-11-22
AC01391,ES48136160881377906748,CL01181,Nómina,2023-05-12
AC01392,ES61660388828542949115,CL00071,Corriente,2023-09-29
AC01393,ES63635848076157680088,CL00737,Corriente,2024-08-06
AC01394,ES50177907311314487006,CL01172,Corriente,2023-10-02
AC01395,ES44551799965545014992,CL00629,Corriente,2025-06-25
AC01396,ES47750192399437146430,CL00464,Corriente,2024-03-25
AC01397,ES86721375786234756853,CL00609,Corriente,2025-02-25
AC01398,ES15376385931573519899,CL00901,Ahorro,2023-06-30
AC01399,ES25637950554963532105,CL01036,Corriente,2024-02-01
AC01400,ES21241150135058211723,CL00089,Ahorro,2023-05-15
AC01401,ES62541522904488247441,CL00840,Corriente,2024-09-10
AC01402,ES55617615997114202134,CL00654,Corriente,2024-01-15
AC01403,ES60608777824748427983,CL00585,Corriente,2025-05-20
AC01404,ES33598087294507455472,CL00110,Corriente,2026-01-12
AC01405,ES80845731794270922575,CL00282,Corriente,2025-05-24
AC01406,ES47415692797972475173,CL00253,Ahorro,2024-08-11
AC01407,ES37475540569367748849,CL01009,Corriente,2024-12-05
AC01408,ES92767437321820130399,CL00549,Corriente,2025-02-14
AC01409,ES14173144456249536730,CL01176,Corriente,2024-12-09
AC01410,ES64559862202129170827,CL00757,Corriente,2023-04-28
AC01411,ES96565346658101751812,CL00702,Corriente,2024-02-03
AC01412,ES60239433559320205171,CL00648,Nómina,2023-08-08
AC01413,ES97184303592159200753,CL00816,Nómina,2025-08-22
AC01414,ES34752012469430183667,CL00671,Nómina,2023-12-17
AC01415,ES24659758358474293924,CL00436,Corriente,2025-10-18
AC01416,ES12872366945790225945,CL00434,Nómina,2024-09-24
AC01417,ES74761337866159200582,CL00248,Corriente,2025-10-05
AC01418,ES11971554996667996968,CL01200,Corriente,2025-04-06
AC01419,ES28470980417865893369,CL00020,Corriente,2025-02-26
AC01420,ES99995987796644024257,CL01077,Corriente,2023-04-10
AC01421,ES31299339730341718074,CL00576,Nómina,2026-01-19
AC01422,ES18600617802227593232,CL00977,Corriente,2023-11-21
AC01423,ES25803635828844483693,CL00646,Nómina,2023-08-01
AC01424,ES51211998803543116592,CL01164,Ahorro,2024-02-21
AC01425,ES15558926008524196984,CL00330,Ahorro,2024-02-14
AC01426,ES35919682518877874894,CL00648,Nómina,2023-08-24
AC01427,ES36190270547246176030,CL00749,Ahorro,2025-11-11
AC01428,ES37886415371647741477,CL00801,Ahorro,2025-02-13
AC01429,ES32307579817791061205,CL00398,Corriente,2023-04-21
AC01430,ES42970958652871262115,CL01173,Ahorro,2025-03-25
AC01431,ES48923153473514338328,CL00794,Corriente,2025-10-03
AC01432,ES47698012193997026054,CL00242,Corriente,2025-09-14
AC01433,ES93687181275105933605,CL01028,Corriente,2023-02-24
AC01434,ES59507705331567948335,CL00783,Nómina,2023-06-27
AC01435,ES30922403025837617302,CL00244,Corriente,2025-11-09
AC01436,ES58943564468582773051,CL00425,Corriente,2025-09-12
AC01437,ES29545649659489422705,CL00312,Ahorro,2024-01-05
AC01438,ES34655623308662662261,CL01137,Corriente,2023-06-25
AC01439,ES83269909128932439962,CL00327,Ahorro,2023-07-30
AC01440,ES96352867363781923053,CL00309,Corriente,2025-01-24
AC01441,ES40732783728650784966,CL01000,Nómina,2024-01-30
AC01442,ES54911847286511638762,CL01071,Nómina,2025-11-21
AC01443,ES26121011375308866720,CL00869,Corriente,2023-09-08
AC01444,ES73511015410358230834,CL00036,Nómina,2025-07-16
AC01445,ES91764925946185226811,CL00553,Nómina,2025-12-30
AC01446,ES22269784202585857465,CL00153,Corriente,2024-11-08
AC01447,ES94571024577716892907,CL00254,Nómina,2024-01-17
AC01448,ES38778891110629849228,CL01156,Corriente,2024-05-05
AC01449,ES79400426024983231651,CL00236,Ahorro,2024-05-24
AC01450,ES51876157786110424060,CL00536,Nómina,2024-08-16
AC01451,ES20875827380365817764,CL00801,Nómina,2023-02-27
AC01452,ES45894571664847517996,CL00100,Ahorro,2024-03-27
AC01453,ES21513638078081281534,CL00109,Corriente,2023-12-12
AC01454,ES68121705154444138905,CL00025,Corriente,2023-04-10
AC01455,ES78678916678292789118,CL01039,Ahorro,2025-05-12
AC01456,ES53656522380090328243,CL00260,Nómina,2025-12-19
AC01457,ES76824978973098475670,CL00631,Corriente,2024-11-13
AC01458,ES15617677620029057720,CL00788,Nómina,2023-02-04
AC01459,ES65699821438587651580,CL00533,Nómina,2025-05-07
AC01460,ES33952386708601763278,CL00276,Corriente,2025-05-14
AC01461,ES30860632329582031655,CL00753,Corriente,2025-10-09
AC01462,ES59572377354532848803,CL00566,Corriente,2024-11-25
AC01463,ES32428954996008126238,CL01037,Nómina,2023-03-08
AC01464,ES39203943661601209930,CL00277,Ahorro,2024-04-12
AC01465,ES88331163792660707367,CL00507,Ahorro,2024-04-11
AC01466,ES47304414003191989954,CL00703,Corriente,2023-12-23
AC01467,ES71681791417218900224,CL00729,Corriente,2023-03-17
AC01468,ES61356956238503806353,CL00349,Ahorro,2023-06-07
AC01469,ES59794788642410265431,CL00755,Ahorro,2025-07-15
AC01470,ES58784963510821275028,CL00001,Corriente,2025-08-26
AC01471,ES25351492638195389842,CL00965,Corriente,2023-07-26
AC01472,ES43167527602883585713,CL01123,Corriente,2024-06-01
AC01473,ES78114004262486768416,CL00957,Corriente,2023-12-10
AC01474,ES71347023863031574273,CL01075,Ahorro,2023-02-27
AC01475,ES86932378132530059297,CL00013,Ahorro,2025-11-06
AC01476,ES80219844903604384592,CL00843,Corriente,2023-12-14
AC01477,ES79732301054961249851,CL00606,Ahorro,2024-04-22
AC01478,ES68199260852700780331,CL00978,Corriente,2023-08-17
AC01479,ES34432458484674440435,CL01036,Nómina,2024-12-26
AC01480,ES69967784941108296244,CL00616,Corriente,2025-07-22
AC01481,ES81718757809022866998,CL00502,Nómina,2025-09-18
AC01482,ES33825375811013049364,CL00080,Corriente,2023-07-24
AC01483,ES98416097487934688465,CL00295,Corriente,2023-05-09
AC01484,ES69231785517199049526,CL00425,Corriente,2025-10-20
AC01485,ES85596729122251717368,CL00934,Ahorro,2026-01-07
AC01486,ES58435939258668473220,CL00906,Nómina,2023-11-05
AC01487,ES76793369812671931929,CL00593,Corriente,2023-02-03
AC01488,ES16505130153523971174,CL00031,Corriente,2024-12-30
AC01489,ES77554243667379807540,CL00942,Corriente,2025-11-16
AC01490,ES85927291681446096994,CL00354,Nómina,2025-12-24
AC01491,ES85808793244310917872,CL00522,Nómina,2025-12-05
AC01492,ES66969674197975556747,CL00786,Corriente,2023-10-03
AC01493,ES68626828189854275580,CL00487,Nómina,2023-02-19
AC01494,ES54683137897801466518,CL00658,Nómina,2023-12-15
AC01495,ES75467579295935648168,CL00636,Ahorro,2023-10-30
AC01496,ES30300960891969841183,CL00459,Nómina,2024-11-10
AC01497,ES26758945353884215679,CL00223,Corriente,2024-08-12
AC01498,ES97925928961900203269,CL00030,Corriente,2023-02-17
AC01499,ES39334474630108233498,CL01017,Corriente,2025-10-22
AC01500,ES43241488329053053025,CL00512,Nómina,2025-12-25
AC01501,ES16684316489579135387,CL00497,Corriente,2024-06-15
AC01502,ES39535518665687665036,CL00477,Ahorro,2024-01-30
AC01503,ES38367904759805168702,CL00171,Corriente,2024-12-24
AC01504,ES75843725060625139561,CL01127,Corriente,2023-09-17
AC01505,ES83919330464689251470,CL00576,Corriente,2024-05-16
AC01506,ES66509511808290455391,CL00757,Nómina,2023-02-20
AC01507,ES35920908506202234441,CL00687,Corriente,2026-01-27
AC01508,ES89263053038593940709,CL00818,Corriente,2024-12-25
AC01509,ES89856866393436335013,CL00390,Corriente,2025-02-22
AC01510,ES89650864098439893754,CL00379,Nómina,2025-05-29
AC01511,ES98448085858781051588,CL00712,Nómina,2023-09-15
AC01512,ES34197184702448301930,CL00126,Corriente,2024-03-08
AC01513,ES84995620287358671191,CL00351,Corriente,2023-10-08
AC01514,ES47321389266119945624,CL01100,Corriente,2023-04-16
AC01515,ES76375678933980649025,CL00329,Corriente,2025-03-22
AC01516,ES18940134714433446515,CL00534,Corriente,2023-02-20
AC01517,ES35561200539130940555,CL01180,Corriente,2025-02-09
AC01518,ES28602709798416785673,CL00323,Corriente,2025-02-23
AC01519,ES19135055491251400700,CL00542,Nómina,2023-12-17
AC01520,ES23496979234007310443,CL00077,Ahorro,2025-06-14
AC01521,ES85816418840356751070,CL00453,Ahorro,2025-04-15
AC01522,ES76307394331415559091,CL00571,Corriente,2023-12-22
AC01523,ES19172648324770061803,CL00943,Nómina,2025-04-26
AC01524,ES70508221602187229656,CL00920,Ahorro,2023-06-19
AC01525,ES29896465547592996200,CL00955,Ahorro,2023-02-11
AC01526,ES96619596870360489556,CL00301,Corriente,2023-07-07
AC01527,ES53473220245719713896,CL00633,Corriente,2023-12-24
AC01528,ES46622621486004150674,CL00057,Corriente,2023-06-27
AC01529,ES10486470133447364351,CL00973,Nómina,2024-06-29
AC01530,ES84767531834266946288,CL00221,Nómina,2024-12-26
AC01531,ES27988842092552268010,CL00277,Corriente,2023-07-06
AC01532,ES28571614242410933475,CL00902,Nómina,2023-07-18
AC01533,ES18643434077637053286,CL00430,Nómina,2024-05-07
AC01534,ES50986383930047352171,CL00491,Corriente,2023-12-02
AC01535,ES48199233450855995260,CL00536,Corriente,2023-09-04
AC01536,ES70919771182733597836,CL00261,Corriente,2025-01-15
AC01537,ES94503946510198667558,CL01089,Ahorro,2024-06-20
AC01538,ES47261686648550910615,CL00807,Corriente,2024-02-16
AC01539,ES67539642324638173688,CL00216,Nómina,2025-01-07
AC01540,ES29209503475216917550,CL01074,Nómina,2024-10-09
AC01541,ES17943930411255258751,CL00275,Corriente,2023-12-06
AC01542,ES26733054166463876624,CL01007,Corriente,2024-08-19
AC01543,ES64422291116676740598,CL00225,Ahorro,2023-11-26
AC01544,ES84398054333639469005,CL00653,Corriente,2025-03-29
AC01545,ES71897649027480445930,CL01111,Corriente,2025-04-13
AC01546,ES68313821974173101629,CL00356,Corriente,2024-02-07
AC01547,ES99383179360297778549,CL00609,Corriente,2024-12-05
AC01548,ES72981524141990384946,CL01133,Corriente,2023-10-08
AC01549,ES41636019344080201408,CL00851,Nómina,2023-09-24
AC01550,ES19897822811277375476,CL00605,Corriente,2024-12-19
AC01551,ES48442137330458047232,CL00731,Ahorro,2024-11-07
AC01552,ES82417735184186399095,CL00393,Ahorro,2024-05-15
AC01553,ES83338486036458329508,CL01119,Nómina,2023-11-12
AC01554,ES91162132587698916901,CL00827,Corriente,2024-08-06
AC01555,ES61464541880140933908,CL00996,Nómina,2024-04-24
AC01556,ES79638541552275785332,CL01055,Ahorro,2024-08-05
AC01557,ES59872371689433236837,CL00303,Nómina,2023-04-10
AC01558,ES40773491323668027080,CL00437,Ahorro,2024-11-19
AC01559,ES57609895965892546381,CL00902,Corriente,2023-05-12
AC01560,ES89279077998427967026,CL00918,Corriente,2024-05-31
AC01561,ES55187830020403192392,CL00985,Corriente,2024-12-07
AC01562,ES27143876905057497306,CL00317,Ahorro,2023-08-15
AC01563,ES13601720885311244139,CL01096,Corriente,2023-05-24
AC01564,ES85440716523094065660,CL00141,Corriente,2023-07-19
AC01565,ES52739383184937516445,CL00111,Corriente,2024-04-10
AC01566,ES29344149615487587217,CL00487,Corriente,2023-03-29
AC01567,ES23939399467063860523,CL01095,Ahorro,2025-03-19
AC01568,ES81409524870960462824,CL00301,Ahorro,2025-11-20
AC01569,ES34984671951163374660,CL00914,Corriente,2023-07-05
AC01570,ES28667398666007278371,CL01045,Corriente,2023-02-27
AC01571,ES80335507264966615901,CL00653,Corriente,2024-08-15
AC01572,ES47544705331625135152,CL01115,Corriente,2023-03-16
AC01573,ES84959478492499959899,CL00902,Nómina,2023-08-23
AC01574,ES68959415432330191344,CL00185,Nómina,2023-12-08
AC01575,ES91889215936764713971,CL00332,Corriente,2024-03-20
AC01576,ES74702148993108222760,CL01200,Corriente,2025-12-27
AC01577,ES19641863267725653224,CL01088,Corriente,2024-01-28
AC01578,ES14337101440735030159,CL00455,Nómina,2025-08-11
AC01579,ES57787456536764822582,CL00340,Corriente,2025-04-15
AC01580,ES68378438268953328596,CL01019,Corriente,2023-10-28
AC01581,ES25621492573753752889,CL00236,Corriente,2024-10-04
AC01582,ES94681223796060357971,CL00059,Corriente,2023-06-13
AC01583,ES64128983572976964484,CL00415,Corriente,2023-05-11
AC01584,ES78385331660429914352,CL00450,Corriente,2025-03-08
AC01585,ES19880502273057167427,CL01102,Corriente,2023-02-13
AC01586,ES86239240535946527000,CL00554,Ahorro,2025-02-02
AC01587,ES50213870762111298046,CL00965,Ahorro,2024-12-08
AC01588,ES38747895879415412502,CL01098,Corriente,2024-01-27
AC01589,ES48408017499424648883,CL00799,Ahorro,2025-07-13
AC01590,ES42537627630116720621,CL00016,Ahorro,2023-12-28
AC01591,ES51998280676456791609,CL00046,Corriente,2025-09-02
AC01592,ES40370612192817816951,CL00642,Nómina,2024-12-19
AC01593,ES54143859520132197246,CL00379,Ahorro,2023-02-22
AC01594,ES31496253338820356080,CL00007,Ahorro,2025-08-13
AC01595,ES55681538109904142226,CL00120,Nómina,2026-01-26
AC01596,ES79173015451198775398,CL00224,Corriente,2025-09-07
AC01597,ES78686081058929705904,CL00896,Corriente,2024-11-18
AC01598,ES59319798868888671226,CL00747,Nómina,2025-03-21
AC01599,ES45701128581498631814,CL00586,Ahorro,2025-10-07
AC01600,ES99988626548167109922,CL00082,Corriente,2024-03-26
